,EzhisVictimID,Survived,IQ,Sex,Age,Siblings,Parents,PassID,Weight,MetroStation,SceneOfTheCrime,Name
0,1,0,30,мальчик,4.9,1,0,A/5 21171,0.3,Павелецкая,бар,Иванов; Давид
1,2,1,10,девочка,8.5,1,0,PC 17599,2.6,Академическая,начальная школа,Смирнова; Марина
2,3,1,30,девочка,5.8,0,0,STON/O2. 3101282,0.3,Павелецкая,бар,Кузнецова; Галина
3,4,1,10,девочка,7.8,1,0,113803,2.0,Александровский сад,бар,Попова; Юлия
4,5,0,30,мальчик,7.8,0,0,373450,0.3,Павелецкая,бар,Васильев; Кирилл
5,6,0,30,unknown,,0,0,330877,0.3,Павелецкая,подворотня,
6,7,0,10,мальчик,12.1,0,0,17463,1.9,Алексеевская,бар,Соколов; Владимир
7,8,0,30,мальчик,0.4,3,1,349909,0.8,Павелецкая,бар,Михайлов; Георгий
8,9,1,30,девочка,6.0,0,2,347742,0.4,Павелецкая,бар,Новикова; Оксана
9,10,1,20,девочка,3.1,1,0,237736,1.1,Павелецкая,начальная школа,Федорова; Варвара
10,11,1,30,девочка,0.8,1,1,PP 9549,0.6,Алтуфьево,бар,Морозова; Евгения
11,12,1,10,девочка,13.0,0,0,113783,1.0,Аннино,бар,Волкова; Татьяна
12,13,0,30,мальчик,4.4,0,0,A/5. 2151,0.3,Павелецкая,бар,Алексеев; Дмитрий
13,14,0,30,unknown,8.7,1,5,347082,1.2,Павелецкая,бар,
14,15,0,30,девочка,3.1,0,0,350406,0.3,Павелецкая,бар,Семенова; Лилия
15,16,1,20,девочка,12.3,0,0,248706,0.6,Павелецкая,бар,Егорова; Кира
16,17,0,30,мальчик,0.4,4,1,382652,1.1,Павелецкая,подворотня,Павлов; Михаил
17,18,1,20,мальчик,,0,0,244373,0.5,Павелецкая,бар,Козлов; Владислав
18,19,0,30,девочка,6.9,1,0,345763,0.7,Павелецкая,бар,Степанова; Валентина
19,20,1,30,девочка,,0,0,2649,0.3,Павелецкая,начальная школа,Николаева; Алиса
20,21,0,20,мальчик,7.8,0,0,239865,1.0,Павелецкая,бар,Орлов; Никита
21,22,1,20,мальчик,7.6,0,0,248698,0.5,Арбатская,бар,Андреев; Дмитрий
22,23,1,30,девочка,3.3,0,0,330923,0.3,Павелецкая,подворотня,Макарова; Альбина
23,24,1,10,мальчик,6.2,0,0,113788,1.3,Автозаводская,бар,Никитин; Данила
24,25,0,30,девочка,1.7,3,1,349909,0.8,Павелецкая,бар,Михайлова; Анна
25,26,1,30,девочка,8.5,1,5,347077,1.2,Павелецкая,бар,Захарова; Мария
26,27,0,30,мальчик,,0,0,2631,0.3,Павелецкая,начальная школа,Зайцев; Никита
27,28,0,10,мальчик,4.2,3,2,19950,9.8,Алма-Атинская,бар,Соловьев; Дамир
28,29,1,30,unknown,,0,0,330959,0.3,Павелецкая,подворотня,
29,30,0,30,мальчик,,0,0,349216,0.3,Павелецкая,бар,Яковлев; Евгений
30,31,0,10,мальчик,9.0,0,0,PC 17601,1.0,Павелецкая,начальная школа,Григорьев; Максим
31,32,1,10,девочка,,1,0,PC 17569,5.4,Аэропорт,начальная школа,Романова; Марина
32,33,1,30,девочка,,0,0,335677,0.3,Павелецкая,подворотня,Воробьева; Майя
33,34,0,20,мальчик,14.8,0,0,C.A. 24579,0.4,Павелецкая,бар,Сергеев; Ярослав
34,35,0,10,мальчик,6.2,1,0,PC 17604,3.0,Павелецкая,начальная школа,Кузьмин; Даниил
35,36,0,10,мальчик,9.4,1,0,113789,1.9,Павелецкая,бар,Фролов; Владислав
36,37,1,30,мальчик,,0,0,2677,0.3,Павелецкая,начальная школа,Александров; Степан
37,38,0,30,мальчик,4.7,0,0,A./5. 2152,0.3,Павелецкая,бар,Дмитриев; Кирилл
38,39,0,30,девочка,4.0,2,0,345764,0.7,Павелецкая,бар,Степанова; Евгения
39,40,1,30,девочка,3.1,1,0,2651,0.4,Павелецкая,начальная школа,Королева; Виталина
40,41,0,30,девочка,9.0,1,0,7546,0.4,Павелецкая,бар,Гусева; Марина
41,42,0,20,девочка,6.0,1,0,11668,0.8,Павелецкая,бар,Киселева; Анна
42,43,0,30,мальчик,,0,0,349253,0.3,Павелецкая,начальная школа,Ильин; Евгений
43,44,1,20,девочка,0.6,1,2,SC/Paris 2123,1.5,Павелецкая,начальная школа,Максимова; Елизавета
44,45,1,30,девочка,4.2,0,0,330958,0.3,Павелецкая,подворотня,Полякова; Мирослава
45,46,0,30,мальчик,,0,0,S.C./A.4. 23567,0.3,Павелецкая,бар,Сорокин; Эмиль
46,47,0,30,мальчик,,1,0,370371,0.6,Павелецкая,подворотня,Виноградов; Савелий
47,48,1,30,девочка,,0,0,14311,0.3,Павелецкая,подворотня,Ковалева; Ирина
48,49,0,30,мальчик,,2,0,2662,0.8,Павелецкая,начальная школа,Белов; Гордей
49,50,0,30,unknown,4.0,1,0,349237,0.7,Павелецкая,бар,
50,51,0,30,мальчик,1.5,4,1,3101295,1.5,Павелецкая,бар,Антонов; Владислав
51,52,0,30,мальчик,4.7,0,0,A/4. 39886,0.3,Павелецкая,бар,Тарасов; Даниэль
52,53,1,10,девочка,11.0,1,0,PC 17572,2.8,Бабушкинская,начальная школа,Жукова; Василиса
53,54,1,20,девочка,6.5,1,0,2926,1.0,Павелецкая,бар,Баранова; Дарина
54,55,0,10,мальчик,14.6,0,1,113509,2.3,Багратионовская,начальная школа,Филиппов; Григорий
55,56,1,10,мальчик,,0,0,19947,1.3,Баррикадная,бар,Комаров; Роман
56,57,1,20,девочка,4.7,0,0,C.A. 31026,0.4,Павелецкая,бар,Давыдова; Варвара
57,58,0,30,мальчик,6.4,0,0,2697,0.3,Павелецкая,начальная школа,Беляев; Данила
58,59,1,20,девочка,1.0,1,2,C.A. 34651,1.0,Павелецкая,бар,Герасимова; Софья
59,60,0,30,мальчик,2.4,5,2,CA 2144,1.7,Павелецкая,бар,Богданов; Петр
60,61,0,30,мальчик,4.9,0,0,2669,0.3,Павелецкая,начальная школа,Осипов; Данила
61,62,1,10,девочка,8.5,0,0,113572,3.0,Бауманская,,Сидорова; Маргарита
62,63,0,10,мальчик,10.1,1,0,36973,3.1,Беговая,бар,Матвеев; Олег
63,64,0,30,мальчик,0.8,3,2,347088,1.0,Павелецкая,бар,Титов; Илья
64,65,0,10,мальчик,,0,0,PC 17605,1.0,Павелецкая,начальная школа,Марков; Степан
65,66,1,30,мальчик,,1,1,2661,0.6,Павелецкая,начальная школа,Миронов; Евгений
66,67,1,20,девочка,6.5,0,0,C.A. 29395,0.4,Белорусская,бар,Крылова; Алина
67,68,0,30,мальчик,4.2,0,0,S.P. 3464,0.3,Павелецкая,бар,Куликов; Александр
68,69,1,30,девочка,3.8,4,2,3101281,0.3,Павелецкая,бар,Лебедева; Милана
69,70,0,30,мальчик,5.8,2,0,315151,0.3,Павелецкая,бар,Карпов; Одиссей
70,71,0,20,мальчик,7.1,0,0,C.A. 33111,0.4,Павелецкая,бар,Власов; Даниэль
71,72,0,30,девочка,3.5,5,2,CA 2144,1.7,Павелецкая,бар,Богданова; Юлия
72,73,0,20,мальчик,4.7,0,0,S.O.C. 14879,2.7,Павелецкая,бар,Мельников; Самир
73,74,0,30,мальчик,5.8,1,0,2680,0.5,Павелецкая,начальная школа,Денисов; Константин
74,75,1,30,мальчик,7.1,0,0,1601,2.1,Павелецкая,бар,Гаврилов; Артём
75,76,0,30,мальчик,5.6,0,0,348123,0.3,Беляево,бар,Тихонов; Петр
76,77,0,30,мальчик,,0,0,349208,0.3,Павелецкая,бар,Казаков; Матвей
77,78,0,30,мальчик,,0,0,374746,0.3,Павелецкая,бар,Афанасьев; Арсений
78,79,1,20,unknown,0.1,0,2,248738,1.1,Павелецкая,бар,
79,80,1,30,девочка,6.7,0,0,364516,0.5,Павелецкая,бар,Савельева; Татьяна
80,81,0,30,мальчик,4.9,0,0,345767,0.3,Павелецкая,бар,Тимофеев; Всеволод
81,82,1,30,мальчик,6.5,0,0,345779,0.4,Павелецкая,бар,Фомин; Роман
82,83,1,30,девочка,,0,0,330932,0.3,Павелецкая,подворотня,Чернова; Агата
83,84,0,10,мальчик,6.2,0,0,113059,1.7,Павелецкая,бар,Абрамов; Илья
84,85,1,20,девочка,3.8,0,0,SO/C 14885,0.4,Павелецкая,бар,Мартынова; Анна
85,86,1,30,девочка,7.4,3,0,3101278,0.6,Павелецкая,бар,Ефимова; Наталья
86,87,0,30,мальчик,3.5,1,3,W./C. 6608,1.3,Павелецкая,бар,Федотов; Савелий
87,88,0,30,мальчик,,0,0,SOTON/OQ 392086,0.3,Павелецкая,бар,Щербаков; Вадим
88,89,1,10,девочка,5.1,3,2,19950,9.8,Алма-Атинская,бар,Соловьева; София
89,90,0,30,мальчик,5.3,0,0,343275,0.3,Павелецкая,бар,Назаров; Ярослав
90,91,0,30,мальчик,6.5,0,0,343276,0.3,Павелецкая,бар,Калинин; Марк
91,92,0,30,мальчик,4.4,0,0,347466,0.3,Павелецкая,бар,Исаев; Степан
92,93,0,10,мальчик,10.3,1,0,W.E.P. 5734,2.3,Бибирево,бар,Чернышев; Одиссей
93,94,0,30,мальчик,5.8,1,2,C.A. 2315,0.8,Павелецкая,бар,Быков; Данил
94,95,0,30,мальчик,13.3,0,0,364500,0.3,Павелецкая,бар,Маслов; Николай
95,96,0,30,мальчик,,0,0,374910,0.3,Павелецкая,бар,Родионов; Артём
96,97,0,10,мальчик,16.0,0,0,PC 17754,1.3,Библиотека Ленина,начальная школа,Коновалов; Мирослав
97,98,1,10,мальчик,5.1,0,1,PC 17759,2.3,Битцевский парк,начальная школа,Лазарев; Виталий
98,99,1,20,девочка,7.6,0,1,231919,0.9,Павелецкая,бар,Воронина; Наташа
99,100,0,20,мальчик,7.6,1,0,244367,1.0,Павелецкая,бар,Климов; Владислав
100,101,0,30,девочка,6.2,0,0,349245,0.3,Павелецкая,бар,Филатова; Юлия
101,102,0,30,мальчик,,0,0,349215,0.3,Павелецкая,бар,Пономарев; Алексей
102,103,0,10,мальчик,4.7,0,1,35281,2.9,Борисово,бар,Голубев; Ростислав
103,104,0,30,мальчик,7.4,0,0,7540,0.3,Павелецкая,бар,Кудрявцев; Игорь
104,105,0,30,мальчик,8.3,2,0,3101276,0.3,Павелецкая,бар,Прохоров; Андрей
105,106,0,30,мальчик,6.2,0,0,349207,0.3,Павелецкая,бар,Наумов; Константин
106,107,1,30,девочка,4.7,0,0,343120,0.3,Павелецкая,бар,Потапова; Светлана
107,108,1,30,мальчик,,0,0,312991,0.3,Павелецкая,бар,Журавлев; Мирослав
108,109,0,30,мальчик,8.5,0,0,349249,0.3,Павелецкая,бар,Овчинников; Николай
109,110,1,30,девочка,,1,0,371110,0.9,Павелецкая,подворотня,Петрова; Анна
110,111,0,10,мальчик,10.5,0,0,110465,1.9,Боровицкая,бар,Трофимов; Данил
111,112,0,30,девочка,3.2,1,0,2665,0.5,Павелецкая,начальная школа,Леонова; Маргарита
112,113,0,30,мальчик,4.9,0,0,324669,0.3,Павелецкая,бар,Соболев; Илья
113,114,0,30,девочка,4.4,1,0,4136,0.4,Павелецкая,бар,Ермакова; Василиса
114,115,0,30,девочка,3.8,0,0,2627,0.5,Павелецкая,начальная школа,Колесникова; Ульяна
115,116,0,30,мальчик,4.7,0,0,STON/O 2. 3101294,0.3,Павелецкая,бар,Гончаров; Иван
116,117,0,30,мальчик,15.9,0,0,370369,0.3,Павелецкая,подворотня,Емельянов; Арсений
117,118,0,20,мальчик,6.5,1,0,11668,0.8,Павелецкая,бар,Киселев; Савелий
118,119,0,10,мальчик,5.3,0,1,PC 17558,9.2,Ботанический сад,начальная школа,Никифоров; Григорий
119,120,0,30,девочка,0.4,4,2,347082,1.2,Павелецкая,бар,Лебедева; Надежда
120,121,0,20,мальчик,4.7,2,0,S.O.C. 14879,2.7,Павелецкая,бар,Грачев; Владимир
121,122,0,30,мальчик,,0,0,A4. 54510,0.3,Павелецкая,бар,Котов; Иван
122,123,0,20,мальчик,7.3,1,0,237736,1.1,Павелецкая,начальная школа,Федоров; Платон
123,124,1,20,девочка,7.3,0,0,27267,0.5,Братиславская,бар,Гришина; Марина
124,125,0,10,мальчик,12.1,0,1,35281,2.9,Борисово,бар,Голубев; Павел
125,126,1,30,мальчик,2.6,1,0,2651,0.4,Павелецкая,начальная школа,Королев; Ярослав
126,127,0,30,мальчик,,0,0,370372,0.3,Павелецкая,подворотня,Ефремов; Валерий
127,128,1,30,мальчик,5.3,0,0,C 17369,0.3,Павелецкая,бар,Архипов; Арсений
128,129,1,30,девочка,,1,1,2668,0.8,Бульвар Дмитрия Донского,начальная школа,Громова; Вероника
129,130,0,30,мальчик,10.1,0,0,347061,0.3,Павелецкая,бар,Кириллов; Ярослав
130,131,0,30,мальчик,7.4,0,0,349241,0.3,Павелецкая,начальная школа,Малышев; Антон
131,132,0,30,мальчик,4.4,0,0,SOTON/O.Q. 3101307,0.3,Павелецкая,бар,Панов; Савелий
132,133,0,30,девочка,10.5,1,0,A/5. 3337,0.5,Павелецкая,бар,Моисеева; Оксана
133,134,1,20,девочка,6.5,1,0,228414,1.0,Павелецкая,бар,Румянцева; Майя
134,135,0,20,мальчик,5.6,0,0,C.A. 29178,0.5,Павелецкая,бар,Акимов; Ян
135,136,0,20,мальчик,5.1,0,0,SC/PARIS 2133,0.6,Павелецкая,начальная школа,Кондратьев; Марк
136,137,1,10,девочка,4.2,0,2,11752,1.0,Бульвар Рокоссовского,бар,Бирюкова; Есения
137,138,0,10,мальчик,8.3,1,0,113803,2.0,Александровский сад,бар,Попов; Константин
138,139,0,30,мальчик,3.5,0,0,7534,0.3,Павелецкая,бар,Горбунов; Кирилл
139,140,0,10,мальчик,5.3,0,0,PC 17593,2.9,Бульвар адмирала Ушакова,начальная школа,Анисимов; Рустам
140,141,0,30,девочка,,0,2,2678,0.6,Павелецкая,начальная школа,Еремина; Наталия
141,142,1,30,девочка,4.9,0,0,347081,0.3,Павелецкая,бар,Тихомирова; Виктория
142,143,1,30,девочка,5.3,1,0,STON/O2. 3101279,0.6,Павелецкая,бар,Галкина; Надежда
143,144,0,30,мальчик,4.2,0,0,365222,0.3,Павелецкая,подворотня,Лукьянов; Михаил
144,145,0,20,мальчик,4.0,0,0,231945,0.4,Павелецкая,бар,Михеев; Максим
145,146,0,20,мальчик,4.2,1,1,C.A. 33112,1.4,Павелецкая,бар,Скворцов; Герман
146,147,1,30,мальчик,6.0,0,0,350043,0.3,Павелецкая,бар,Лебедев; Павел
147,148,0,30,девочка,1.9,2,2,W./C. 6608,1.3,Павелецкая,бар,Федотова; Дарья
148,149,0,20,мальчик,8.2,0,2,230080,1.0,Бунинская Аллея,бар,Юдин; Виктор
149,150,0,20,мальчик,9.4,0,0,244310,0.5,Павелецкая,бар,Белоусов; Ярослав
150,151,0,20,мальчик,11.4,0,0,S.O.P. 1166,0.5,Павелецкая,бар,Нестеров; Игорь
151,152,1,10,девочка,4.9,1,0,113776,2.5,ВДНХ,бар,Симонова; Дарья
152,153,0,30,мальчик,12.5,0,0,A.5. 11206,0.3,Павелецкая,бар,Прокофьев; Марат
153,154,0,30,мальчик,9.1,0,2,A/5. 851,0.5,Павелецкая,бар,Харитонов; Михаил
154,155,0,30,мальчик,,0,0,Fa 265302,0.3,Павелецкая,бар,Князев; Матвей
155,156,0,10,мальчик,11.4,0,1,PC 17597,2.3,Павелецкая,начальная школа,Козлов; Виктор
156,157,1,30,девочка,3.5,0,0,35851,0.3,Павелецкая,подворотня,Цветкова; Варвара
157,158,0,30,мальчик,6.7,0,0,SOTON/OQ 392090,0.3,Павелецкая,бар,Левин; Макар
158,159,0,30,мальчик,,0,0,315037,0.3,Павелецкая,бар,Митрофанов; Федор
159,160,0,30,мальчик,,8,2,CA. 2343,2.6,Павелецкая,бар,Воронов; Олег
160,161,0,30,мальчик,9.9,0,1,371362,0.6,Павелецкая,бар,Аксенов; Егор
161,162,1,20,девочка,9.0,0,0,C.A. 33595,0.6,Павелецкая,бар,Софронова; Александра
162,163,0,30,мальчик,5.8,0,0,347068,0.3,Павелецкая,бар,Мальцев; Виталий
163,164,0,30,мальчик,3.8,0,0,315093,0.3,Павелецкая,бар,Логинов; Давид
164,165,0,30,мальчик,0.1,4,1,3101295,1.5,Павелецкая,бар,Антонов; Леонид
165,166,1,30,мальчик,1.9,0,2,363291,0.8,Павелецкая,бар,Горшков; Андрей
166,167,1,10,девочка,,0,1,113505,2.0,Варшавская,бар,Савина; Наталья
167,168,0,30,девочка,10.1,1,4,347088,1.0,Павелецкая,бар,Титова; Таисия
168,169,0,10,мальчик,,0,0,PC 17318,1.0,Павелецкая,бар,Краснов; Юрий
169,170,0,30,мальчик,6.2,0,0,1601,2.1,Павелецкая,бар,Майоров; Дмитрий
170,171,0,10,мальчик,13.7,0,0,111240,1.2,Владыкино,бар,Демидов; Платон
171,172,0,30,мальчик,0.8,4,1,382652,1.1,Павелецкая,подворотня,Павлов; Артемий
172,173,1,30,девочка,0.1,1,1,347742,0.4,Павелецкая,бар,Новикова; Анастасия
173,174,0,30,мальчик,4.7,0,0,STON/O 2. 3101280,0.3,Павелецкая,бар,Елисеев; Григорий
174,175,0,10,мальчик,12.6,0,0,17764,1.1,Волгоградский проспект,начальная школа,Рыбаков; Эдуард
175,176,0,30,мальчик,4.0,1,1,350404,0.3,Павелецкая,бар,Сафонов; Мирон
176,177,0,30,мальчик,,3,1,4133,0.9,Павелецкая,бар,Плотников; Юрий
177,178,0,10,девочка,11.2,0,0,PC 17595,1.1,Волжская,начальная школа,Демина; Эвелина
178,179,0,20,мальчик,6.7,0,0,250653,0.5,Павелецкая,бар,Фадеев; Илья
179,180,0,30,мальчик,8.0,0,0,LINE,0.0,Павелецкая,бар,Молчанов; Айдар
180,181,0,30,девочка,,8,2,CA. 2343,2.6,Павелецкая,бар,Воронова; Амалия
181,182,0,20,мальчик,,0,0,SC/PARIS 2131,0.6,Павелецкая,начальная школа,Игнатов; Савелий
182,183,0,30,мальчик,1.9,4,2,347077,1.2,Павелецкая,бар,Захаров; Богдан
183,184,1,20,мальчик,0.1,2,1,230136,1.4,Волоколамская,бар,Литвинов; Эдуард
184,185,1,30,девочка,0.8,0,2,315153,0.8,Павелецкая,бар,Ершова; Диана
185,186,0,10,мальчик,,0,0,113767,1.9,Воробьевы горы,бар,Ушаков; Денис
186,187,1,30,девочка,,1,0,370365,0.6,Павелецкая,подворотня,Дементьева; Есения
187,188,1,10,мальчик,10.1,0,0,111428,1.0,Павелецкая,бар,Рябов; Арсений
188,189,0,30,мальчик,9.0,1,1,364849,0.6,Павелецкая,подворотня,Мухин; Григорий
189,190,0,30,мальчик,8.0,0,0,349247,0.3,Павелецкая,бар,Калашников; Леонид
190,191,1,20,девочка,7.1,0,0,234604,0.5,Павелецкая,бар,Леонтьева; Ангелина
191,192,0,20,мальчик,4.2,0,0,28424,0.5,Павелецкая,бар,Лобанов; Андрей
192,193,1,30,девочка,4.2,1,0,350046,0.3,Павелецкая,бар,Кузина; Кристина
193,194,1,20,мальчик,0.6,1,1,230080,1.0,Бунинская Аллея,бар,Юдин; Артём
194,195,1,10,девочка,9.9,0,0,PC 17610,1.0,Водный стадион,начальная школа,Корнеева; Кира
195,196,1,10,девочка,13.0,0,0,PC 17569,5.4,Войковская,начальная школа,Евдокимова; Софья
196,197,0,30,мальчик,,0,0,368703,0.3,Павелецкая,подворотня,Бородин; Назар
197,198,0,30,мальчик,9.4,0,1,4579,0.3,Павелецкая,бар,Князев; Арсений
198,199,1,30,девочка,,0,0,370370,0.3,Павелецкая,подворотня,Платонова; Антонина
199,200,0,20,девочка,5.3,0,0,248747,0.5,Павелецкая,бар,Некрасова; Алина
200,201,0,30,мальчик,6.2,0,0,345770,0.4,Павелецкая,бар,Балашов; Максим
201,202,0,30,мальчик,,8,2,CA. 2343,2.6,Павелецкая,бар,Воронов; Артём
202,203,0,30,мальчик,7.6,0,0,3101264,0.2,Павелецкая,бар,Бобров; Семен
203,204,0,30,мальчик,10.2,0,0,2628,0.3,Павелецкая,начальная школа,Жданов; Денис
204,205,1,30,мальчик,4.0,0,0,A/5 3540,0.3,Павелецкая,бар,Блинов; Роберт
205,206,0,30,девочка,0.4,0,1,347054,0.4,Алтуфьево,бар,Игнатьева; Анна
206,207,0,30,мальчик,7.1,1,0,3101278,0.6,Павелецкая,бар,Ефимов; Никита
207,208,1,30,мальчик,5.8,0,0,2699,0.7,Павелецкая,начальная школа,Коротков; Максим
208,209,1,30,девочка,3.5,0,0,367231,0.3,Павелецкая,подворотня,Муравьева; Элина
209,210,1,10,мальчик,9.0,0,0,112277,1.1,Выставочная,начальная школа,Крюков; Артём
210,211,0,30,мальчик,5.3,0,0,SOTON/O.Q. 3101311,0.3,Павелецкая,бар,Беляков; Матвей
211,212,1,20,девочка,7.8,0,0,F.C.C. 13528,0.8,Павелецкая,бар,Богомолова; Алла
212,213,0,30,мальчик,4.9,0,0,A/5 21174,0.3,Павелецкая,бар,Дроздов; Михаил
213,214,0,20,мальчик,6.7,0,0,250646,0.5,Павелецкая,бар,Лавров; Мирон
214,215,0,30,мальчик,,1,0,367229,0.3,Павелецкая,подворотня,Зуев; Михаил
215,216,1,10,девочка,6.9,1,0,35273,4.2,ВыхиноДеловой центр,начальная школа,Петухова; Лариса
216,217,1,30,девочка,6.0,0,0,STON/O2. 3101283,0.3,Павелецкая,бар,Ларина; Елена
217,218,0,20,мальчик,9.4,1,0,243847,1.0,Павелецкая,бар,Никулин; Вячеслав
218,219,1,10,девочка,7.1,0,0,11813,2.8,Дмитровская,начальная школа,Серова; Альбина
219,220,0,20,мальчик,6.7,0,0,W/C 14208,0.4,Павелецкая,бар,Матвеев; Николай
220,221,1,30,мальчик,3.5,0,0,SOTON/OQ 392089,0.3,Павелецкая,бар,Терентьев; Никита
221,222,0,20,мальчик,6.0,0,0,220367,0.5,Павелецкая,бар,Зотов; Артём
222,223,0,30,мальчик,11.4,0,0,21440,0.3,Павелецкая,бар,Устинов; Глеб
223,224,0,30,мальчик,,0,0,349234,0.3,Павелецкая,бар,Фокин; Кирилл
224,225,1,10,мальчик,8.5,1,0,19943,3.3,Добрынинская,бар,Самойлов; Дамир
225,226,0,30,мальчик,4.9,0,0,PP 4348,0.3,Павелецкая,бар,Константинов; Дмитрий
226,227,1,20,мальчик,4.2,0,0,SW/PP 751,0.4,Павелецкая,бар,Сахаров; Валерий
227,228,0,30,мальчик,4.5,0,0,A/5 21173,0.3,Павелецкая,бар,Шишкин; Михаил
228,229,0,20,мальчик,4.0,0,0,236171,0.5,Павелецкая,бар,Самсонов; Борис
229,230,0,30,девочка,,3,1,4133,0.9,Павелецкая,бар,Плотникова; Мария
230,231,1,10,девочка,7.8,1,0,36973,3.1,Беговая,бар,Матвеева; Виолетта
231,232,0,30,мальчик,6.5,0,0,347067,0.3,Павелецкая,бар,Черкасов; Григорий
232,233,0,20,мальчик,13.3,0,0,237442,0.5,Павелецкая,бар,Чистяков; Семен
233,234,1,30,девочка,1.0,4,2,347077,1.2,Павелецкая,бар,Захарова; Диана
234,235,0,20,мальчик,5.3,0,0,C.A. 29566,0.4,Павелецкая,бар,Носов; Артём
235,236,0,30,девочка,,0,0,W./C. 6609,0.3,Павелецкая,бар,Спиридонова; Людмила
236,237,0,20,мальчик,9.9,1,0,26707,1.0,Павелецкая,бар,Карасев; Дамир
237,238,1,20,девочка,1.7,0,2,C.A. 31921,1.0,Павелецкая,бар,Авдеева; Василиса
238,239,0,20,мальчик,4.2,0,0,28665,0.4,Павелецкая,бар,Воронцов; Елисей
239,240,0,20,мальчик,7.4,0,0,SCO/W 1585,0.5,Павелецкая,бар,Зверев; Степан
240,241,0,30,девочка,,1,0,2665,0.5,Павелецкая,начальная школа,Леонова; Евгения
241,242,1,30,девочка,,1,0,367230,0.6,Павелецкая,подворотня,Владимирова; Ангелина
242,243,0,20,мальчик,6.5,0,0,W./C. 14263,0.4,Павелецкая,бар,Селезнев; Александр
243,244,0,30,мальчик,4.9,0,0,STON/O 2. 3101275,0.3,Павелецкая,бар,Нечаев; Савелий
244,245,0,30,мальчик,6.7,0,0,2694,0.3,Павелецкая,начальная школа,Колесников; Егор
245,246,0,10,мальчик,9.9,2,0,19928,3.3,Достоевская,подворотня,Кудряшов; Михаил
246,247,0,30,девочка,5.6,0,0,347071,0.3,Павелецкая,бар,Седова; Злата
247,248,1,20,девочка,5.3,0,2,250649,0.5,Павелецкая,бар,Фирсова; Вероника
248,249,1,10,мальчик,8.3,1,1,11751,1.9,Дубровка,бар,Андрианов; Савелий
249,250,0,20,мальчик,12.1,1,0,244252,1.0,Павелецкая,бар,Панин; Савва
250,251,0,30,мальчик,,0,0,362316,0.3,Павелецкая,бар,Головин; Герман
251,252,0,30,девочка,6.5,1,1,347054,0.4,Алтуфьево,бар,Игнатьева; Полина
252,253,0,10,мальчик,13.9,0,0,113514,1.0,Динамо,бар,Терехов; Марат
253,254,0,30,мальчик,6.7,1,0,A/5. 3336,0.6,Павелецкая,бар,Ульянов; Анатолий
254,255,0,30,девочка,9.2,0,2,370129,0.7,Павелецкая,бар,Шестакова; Алла
255,256,1,30,девочка,6.5,0,2,2650,0.6,Павелецкая,начальная школа,Агеева; Ксения
256,257,1,10,девочка,,0,0,PC 17585,2.9,Павелецкая,начальная школа,Никонова; Ева
257,258,1,10,девочка,6.7,0,0,110152,3.2,Домодедовская,бар,Селиванова; Милана
258,259,1,10,девочка,7.8,0,0,PC 17755,19.0,Павелецкая,начальная школа,Баженова; Мирослава
259,260,1,20,девочка,11.2,0,1,230433,1.0,Павелецкая,бар,Гордеева; Милена
260,261,0,30,мальчик,,0,0,384461,0.3,Павелецкая,подворотня,Рыбаков; Эмиль
261,262,1,30,мальчик,0.6,4,2,347077,1.2,Павелецкая,бар,Захаров; Дамир
262,263,0,10,мальчик,11.7,1,1,110413,3.0,Жулебино,бар,Кожевников; Данил
263,264,0,10,мальчик,9.0,0,0,112059,0.0,Зябликово,бар,Пахомов; Степан
264,265,0,30,девочка,,0,0,382649,0.3,Павелецкая,подворотня,Зимина; Юлия
265,266,0,20,мальчик,8.0,0,0,C.A. 17248,0.4,Павелецкая,бар,Костин; Айдар
266,267,0,30,мальчик,3.5,4,1,3101295,1.5,Павелецкая,бар,Антонов; Владимир
267,268,1,30,мальчик,5.6,1,0,347083,0.3,Павелецкая,бар,Широков; Амир
268,269,1,10,девочка,13.0,0,1,PC 17582,5.7,Измайловская,бар,Филимонова; Маргарита
269,270,1,10,девочка,7.8,0,0,PC 17760,5.0,Калужская,бар,Ларионова; Нелли
270,271,0,10,мальчик,,0,0,113798,1.1,Павелецкая,бар,Овсянников; Мирон
271,272,1,30,мальчик,5.6,0,0,LINE,0.0,Павелецкая,бар,Сазонов; Денис
272,273,1,20,девочка,9.2,0,1,250644,0.7,Павелецкая,бар,Суворова; Альбина
273,274,0,10,мальчик,8.3,0,1,PC 17596,1.1,Кантемировская,начальная школа,Нефедов; Эмиль
274,275,1,30,девочка,,0,0,370375,0.3,Павелецкая,подворотня,Корнилова; Анна
275,276,1,10,девочка,14.2,1,0,13502,2.9,Каховская,бар,Любимова; Виктория
276,277,0,30,девочка,10.1,0,0,347073,0.3,Павелецкая,бар,Львова; Алина
277,278,0,20,мальчик,,0,0,239853,0.0,Павелецкая,бар,Горбачев; Филипп
278,279,0,30,мальчик,1.5,4,1,382652,1.1,Павелецкая,подворотня,Павлов; Николай
279,280,1,30,девочка,7.8,1,1,C.A. 2673,0.8,Павелецкая,бар,Копылова; Анастасия
280,281,0,30,мальчик,14.6,0,0,336439,0.3,Павелецкая,подворотня,Лукин; Иван
281,282,0,30,мальчик,6.2,0,0,347464,0.3,Павелецкая,бар,Токарев; Константин
282,283,0,30,мальчик,3.5,0,0,345778,0.4,Павелецкая,бар,Кулешов; Павел
283,284,1,30,мальчик,4.2,0,0,A/5. 10482,0.3,Павелецкая,бар,Шилов; Савелий
284,285,0,10,мальчик,,0,0,113056,1.0,Каширская,бар,Рыбаков; Макар
285,286,0,30,мальчик,7.4,0,0,349239,0.3,Павелецкая,начальная школа,Большаков; Олег
286,287,1,30,мальчик,6.7,0,0,345774,0.4,Павелецкая,бар,Панкратов; Руслан
287,288,0,30,мальчик,4.9,0,0,349206,0.3,Павелецкая,бар,Родин; Мирон
288,289,1,20,мальчик,9.4,0,0,237798,0.5,Павелецкая,бар,Шаповалов; Никита
289,290,1,30,девочка,4.9,0,0,370373,0.3,Павелецкая,подворотня,Покровская; Валерия
290,291,1,10,девочка,5.8,0,0,19877,2.9,Павелецкая,бар,Бочарова; Лилия
291,292,1,10,девочка,4.2,1,0,11967,3.4,Киевская,начальная школа,Никольская; Таисия
292,293,0,20,мальчик,8.0,0,0,SC/Paris 2163,0.5,Киевская,начальная школа,Маркин; Александр
293,294,0,30,девочка,5.3,0,0,349236,0.3,Павелецкая,бар,Горелова; Татьяна
294,295,0,30,мальчик,5.3,0,0,349233,0.3,Павелецкая,бар,Агафонов; Василий
295,296,0,10,мальчик,,0,0,PC 17612,1.0,Павелецкая,начальная школа,Березин; Данил
296,297,0,30,мальчик,5.2,0,0,2693,0.3,Павелецкая,начальная школа,Ермолаев; Руслан
297,298,0,10,девочка,0.4,1,2,113781,5.6,Китай-город,бар,Зубкова; Кристина
298,299,1,10,мальчик,,0,0,19988,1.1,Кожуховская,бар,Куприянов; Андрей
299,300,1,10,девочка,11.2,0,1,PC 17558,9.2,Ботанический сад,начальная школа,Никифорова; Тамара
300,301,1,30,девочка,,0,0,9234,0.3,Павелецкая,подворотня,Трифонова; Маргарита
301,302,1,30,мальчик,,2,0,367226,0.9,Павелецкая,подворотня,Масленников; Станислав
302,303,0,30,мальчик,4.2,0,0,LINE,0.0,Павелецкая,бар,Новиков; Глеб
303,304,1,20,девочка,,0,0,226593,0.5,Братиславская,подворотня,Круглова; Мирослава
304,305,0,30,мальчик,,0,0,A/5 2466,0.3,Павелецкая,бар,Козлов; Платон
305,306,1,10,мальчик,0.1,1,2,113781,5.6,Китай-город,бар,Зубков; Никита
306,307,1,10,девочка,,0,0,17421,4.1,Павелецкая,начальная школа,Третьякова; Александра
307,308,1,10,девочка,3.8,1,0,PC 17758,4.0,Комсомольская,начальная школа,Колосова; Дарья
308,309,0,20,мальчик,6.7,1,0,P/PP 3381,0.9,Павелецкая,начальная школа,Рожков; Илья
309,310,1,10,девочка,6.7,0,0,PC 17485,2.1,Коньково,начальная школа,Артамонова; Полина
310,311,1,10,девочка,5.3,0,0,11767,3.1,Котельники,начальная школа,Шмелева; Влада
311,312,1,10,девочка,4.0,2,2,PC 17608,9.7,Коломенская,начальная школа,Лаптева; Александра
312,313,0,20,девочка,5.8,1,1,250651,1.0,Павелецкая,бар,Лапшина; Кристина
313,314,0,30,мальчик,6.2,0,0,349243,0.3,Павелецкая,бар,Федосеев; Мирослав
314,315,0,20,мальчик,9.6,1,1,F.C.C. 13529,1.0,Павелецкая,бар,Зиновьев; Родион
315,316,1,30,девочка,5.8,0,0,347470,0.3,Павелецкая,бар,Зорина; Виктория
316,317,1,20,девочка,5.3,1,0,244367,1.0,Павелецкая,бар,Климова; Арина
317,318,0,20,мальчик,12.1,0,0,29011,0.5,Павелецкая,бар,Уткин; Дмитрий
318,319,1,10,девочка,6.9,0,2,36928,6.1,Краснопресненская,бар,Столярова; Евгения
319,320,1,10,девочка,9.0,1,1,16966,5.0,Красносельская,начальная школа,Зубова; Мария
320,321,0,30,мальчик,4.9,0,0,A/5 21172,0.3,Павелецкая,бар,Ткачев; Артём
321,322,0,30,мальчик,6.0,0,0,349219,0.3,Павелецкая,бар,Дорофеев; Алексей
322,323,1,20,девочка,6.7,0,0,234818,0.5,Павелецкая,подворотня,Антипова; Мадина
323,324,1,20,девочка,4.9,1,1,248738,1.1,Павелецкая,бар,Данилова; Ксения
324,325,0,30,мальчик,,8,2,CA. 2343,2.6,Павелецкая,бар,Воронов; Данил
325,326,1,10,девочка,8.0,0,0,PC 17760,5.0,Красные ворота,начальная школа,Завьялова; Елена
326,327,0,30,мальчик,13.7,0,0,345364,0.2,Павелецкая,бар,Свиридов; Семен
327,328,1,20,девочка,8.0,0,0,28551,0.5,Киевская,бар,Золотарева; Юлия
328,329,1,30,девочка,6.9,1,1,363291,0.8,Павелецкая,бар,Горшкова; Злата
329,330,1,10,девочка,3.5,0,1,111361,2.2,Крестьянская застава,начальная школа,Кулакова; Милана
330,331,1,30,девочка,,2,0,367226,0.9,Павелецкая,подворотня,Масленникова; Милена
331,332,0,10,мальчик,10.2,0,0,113043,1.1,Кропоткинская,бар,Мещеряков; Марсель
332,333,0,10,мальчик,8.5,0,1,PC 17582,5.7,Красногвардейская,бар,Филимонов; Глеб
333,334,0,30,мальчик,3.5,2,0,345764,0.7,Павелецкая,бар,Степанов; Владимир
334,335,1,10,девочка,,1,0,PC 17611,5.0,Павелецкая,бар,Макеева; Татьяна
335,336,0,30,мальчик,,0,0,349225,0.3,Павелецкая,бар,Дьяконов; Максим
336,337,0,10,мальчик,6.5,1,0,113776,2.5,ВДНХ,бар,Симонов; Ярослав
337,338,1,10,девочка,9.2,0,0,16966,5.0,Крылатское,начальная школа,Гуляева; Дарина
338,339,1,30,мальчик,10.1,0,0,7598,0.3,Павелецкая,бар,Петровский; Данил
339,340,0,10,мальчик,10.1,0,0,113784,1.3,Кузнецкий мост,бар,Бондарев; Артемий
340,341,1,20,мальчик,0.4,1,1,230080,1.0,Бунинская Аллея,бар,Юдин; Артур
341,342,1,10,девочка,5.3,3,2,19950,9.8,Алма-Атинская,бар,Соловьева; Марина
342,343,0,20,мальчик,6.2,0,0,248740,0.5,Павелецкая,бар,Поздняков; Макар
343,344,0,20,мальчик,5.6,0,0,244361,0.5,Павелецкая,бар,Панфилов; Роман
344,345,0,20,мальчик,8.0,0,0,229236,0.5,Павелецкая,бар,Кочетков; Дамир
345,346,1,20,девочка,5.3,0,0,248733,0.5,Белорусская,бар,Корнеева; Алиса
346,347,1,20,девочка,9.0,0,0,31418,0.5,Павелецкая,бар,Рыбакова; Ева
347,348,1,30,девочка,,1,0,386525,0.6,Павелецкая,бар,Суханова; Елизавета
348,349,1,30,мальчик,0.6,1,1,C.A. 37671,0.6,Павелецкая,бар,Рыжов; Андрей
349,350,0,30,мальчик,9.4,0,0,315088,0.3,Павелецкая,бар,Старостин; Григорий
350,351,0,30,мальчик,5.1,0,0,7267,0.3,Павелецкая,бар,Калмыков; Влад
351,352,0,10,мальчик,,0,0,113510,1.3,Кузьминки,бар,Колесов; Николай
352,353,0,30,мальчик,3.3,1,1,2695,0.3,Павелецкая,начальная школа,Золотов; Тимур
353,354,0,30,мальчик,5.6,1,0,349237,0.7,Павелецкая,бар,Медведев; Степан
354,355,0,30,мальчик,,0,0,2647,0.3,Павелецкая,начальная школа,Кравцов; Александр
355,356,0,30,мальчик,6.2,0,0,345783,0.4,Павелецкая,бар,Субботин; Андрей
356,357,1,10,девочка,4.9,0,1,113505,2.0,Варшавская,бар,Шубина; Вероника
357,358,0,20,девочка,8.5,0,0,237671,0.5,Павелецкая,бар,Щукина; Наталья
358,359,1,30,девочка,,0,0,330931,0.3,Павелецкая,подворотня,Лосева; Ангелина
359,360,1,30,девочка,,0,0,330980,0.3,Павелецкая,подворотня,Винокурова; Инна
360,361,0,30,мальчик,9.0,1,4,347088,1.0,Павелецкая,бар,Титов; Макар
361,362,0,20,мальчик,6.5,1,0,SC/PARIS 2167,1.0,Павелецкая,начальная школа,Лапин; Глеб
362,363,0,30,девочка,10.1,0,1,2691,0.5,Павелецкая,начальная школа,Парфенова; Софья
363,364,0,30,мальчик,7.8,0,0,SOTON/O.Q. 3101310,0.3,Павелецкая,бар,Исаков; Сергей
364,365,0,30,мальчик,,1,0,370365,0.6,Павелецкая,подворотня,Дементьев; Георгий
365,366,0,30,мальчик,6.7,0,0,C 7076,0.3,Павелецкая,бар,Голованов; Иван
366,367,1,10,девочка,13.5,1,0,110813,2.8,Кунцевская,начальная школа,Коровина; Ирина
367,368,1,30,девочка,,0,0,2626,0.3,Павелецкая,начальная школа,Розанова; Любовь
368,369,1,30,девочка,,0,0,14313,0.3,Павелецкая,подворотня,Артемова; Ксения
369,370,1,10,девочка,5.3,0,0,PC 17477,2.6,Курская,начальная школа,Козырева; Лариса
370,371,1,10,мальчик,5.6,1,0,11765,2.1,Кутузовская,начальная школа,Русаков; Сергей
371,372,0,30,мальчик,4.0,1,0,3101267,0.2,Павелецкая,бар,Алешин; Игорь
372,373,0,30,мальчик,4.2,0,0,323951,0.3,Павелецкая,бар,Крючков; Николай
373,374,0,10,мальчик,4.9,0,0,PC 17760,5.0,Павелецкая,начальная школа,Булгаков; Святогор
374,375,0,30,девочка,0.6,3,1,349909,0.8,Павелецкая,бар,Михайлова; Злата
375,376,1,10,девочка,,1,0,PC 17604,3.0,Павелецкая,начальная школа,Кузьмина; Елена
376,377,1,30,девочка,4.9,0,0,C 7077,0.3,Павелецкая,бар,Кошелева; Елена
377,378,0,10,мальчик,6.0,0,2,113503,7.8,Ленинский проспект,начальная школа,Сычев; Демид
378,379,0,30,мальчик,4.4,0,0,2648,0.1,Павелецкая,начальная школа,Синицын; Александр
379,380,0,30,мальчик,4.2,0,0,347069,0.3,Павелецкая,бар,Прохоров; Станислав
380,381,1,10,девочка,9.4,0,0,PC 17757,8.4,Павелецкая,начальная школа,Черных; Варвара
381,382,1,30,девочка,0.1,0,2,2653,0.6,Павелецкая,начальная школа,Рогова; Алина
382,383,0,30,мальчик,7.1,0,0,STON/O 2. 3101293,0.3,Павелецкая,бар,Кононов; Вадим
383,384,1,10,девочка,7.8,1,0,113789,1.9,Павелецкая,бар,Фролова; Дарья
384,385,0,30,мальчик,,0,0,349227,0.3,Павелецкая,бар,Лаврентьев; Александр
385,386,0,20,мальчик,4.0,0,0,S.O.C. 14879,2.7,Павелецкая,бар,Евсеев; Виктор
386,387,0,30,мальчик,0.1,5,2,CA 2144,1.7,Павелецкая,бар,Богданов; Данил
387,388,1,20,девочка,8.0,0,0,27849,0.5,Павелецкая,бар,Пименова; Любовь
388,389,0,30,мальчик,,0,0,367655,0.3,Павелецкая,подворотня,Пантелеев; Денис
389,390,1,20,девочка,3.8,0,0,SC 1748,0.4,Павелецкая,начальная школа,Горячева; София
390,391,1,10,мальчик,8.0,1,2,113760,4.5,Лермонтовский проспект,бар,Панин; Богдан
391,392,1,30,мальчик,4.7,0,0,350034,0.3,Павелецкая,бар,Аникин; Денис
392,393,0,30,мальчик,6.2,2,0,3101277,0.3,Павелецкая,бар,Прохоров; Савелий
393,394,1,10,девочка,5.1,1,0,35273,4.2,ВыхиноДеловой центр,начальная школа,Петухова; Ксения
394,395,1,30,девочка,5.3,0,2,PP 9549,0.6,Алтуфьево,бар,Морозова; Татьяна
395,396,0,30,мальчик,4.9,0,0,350052,0.3,Павелецкая,бар,Кудрявцев; Максим
396,397,0,30,девочка,6.9,0,0,350407,0.3,Павелецкая,бар,Токарева; Александра
397,398,0,20,мальчик,10.3,0,0,28403,1.0,Павелецкая,бар,Лопатин; Егор
398,399,0,20,мальчик,5.1,0,0,244278,0.4,Павелецкая,бар,Рудаков; Святослав
399,400,1,20,девочка,6.2,0,0,240929,0.5,Павелецкая,бар,Одинцова; Людмила
400,401,1,30,мальчик,8.7,0,0,STON/O 2. 3101289,0.3,Павелецкая,бар,Серебряков; Григорий
401,402,0,30,мальчик,5.8,0,0,341826,0.3,Павелецкая,бар,Панков; Константин
402,403,0,30,девочка,4.7,1,0,4137,0.4,Павелецкая,бар,Ермакова; Таисия
403,404,0,30,мальчик,6.2,1,0,STON/O2. 3101279,0.6,Павелецкая,бар,Галкин; Мирон
404,405,0,30,девочка,4.4,0,0,315096,0.3,Павелецкая,бар,Дегтярева; Вера
405,406,0,20,мальчик,7.6,1,0,28664,0.8,Павелецкая,бар,Орехов; Святослав
406,407,0,30,мальчик,11.4,0,0,347064,0.3,Павелецкая,бар,Царев; Марк
407,408,1,20,мальчик,0.6,1,1,29106,0.7,Павелецкая,бар,Шувалов; Егор
408,409,0,30,мальчик,4.7,0,0,312992,0.3,Павелецкая,бар,Кондрашов; Данил
409,410,0,30,девочка,,3,1,4133,0.9,Павелецкая,бар,Плотникова; Ксения
410,411,0,30,мальчик,,0,0,349222,0.3,Павелецкая,бар,Горюнов; Алексей
411,412,0,30,мальчик,,0,0,394140,0.3,Павелецкая,подворотня,Зиновьев; Демид
412,413,1,10,девочка,7.4,1,0,19928,3.3,Достоевская,подворотня,Кудряшова; София
413,414,0,20,мальчик,,0,0,239853,0.0,Павелецкая,бар,Дубровин; Амир
414,415,1,30,мальчик,9.9,0,0,STON/O 2. 3101269,0.3,Павелецкая,бар,Голиков; Тимофей
415,416,0,30,девочка,,0,0,343095,0.3,Павелецкая,бар,Курочкина; Аделина
416,417,1,20,девочка,7.6,1,1,28220,1.2,Павелецкая,бар,Латышева; Мирослава
417,418,1,20,девочка,4.0,0,2,250652,0.5,Павелецкая,бар,Севастьянова; Галина
418,419,0,20,мальчик,6.7,0,0,28228,0.5,Павелецкая,бар,Вавилов; Георгий
419,420,0,30,девочка,2.2,0,2,345773,0.9,Павелецкая,бар,Ерофеева; Анжелика
420,421,0,30,мальчик,,0,0,349254,0.3,Павелецкая,начальная школа,Сальников; Макар
421,422,0,30,мальчик,4.7,0,0,A/5. 13032,0.3,Павелецкая,подворотня,Клюев; Ярослав
422,423,0,30,мальчик,6.5,0,0,315082,0.3,Павелецкая,бар,Носков; Всеволод
423,424,0,30,девочка,6.2,1,1,347080,0.5,Павелецкая,бар,Озерова; Юлия
424,425,0,30,мальчик,4.0,1,1,370129,0.7,Павелецкая,бар,Шестаков; Борис
425,426,0,30,мальчик,,0,0,A/4. 34244,0.3,Павелецкая,бар,Кольцов; Виктор
426,427,1,20,девочка,6.2,1,0,2003,1.0,Павелецкая,бар,Комиссарова; Ольга
427,428,1,20,девочка,4.2,0,0,250655,1.0,Павелецкая,бар,Меркулова; Майя
428,429,0,30,мальчик,,0,0,364851,0.3,Павелецкая,подворотня,Киреев; Илья
429,430,1,30,мальчик,7.1,0,0,SOTON/O.Q. 392078,0.3,Лесопарковая,бар,Хомяков; Демид
430,431,1,10,мальчик,6.2,0,0,110564,1.0,Баррикадная,бар,Булатов; Филипп
431,432,1,30,девочка,,1,0,376564,0.6,Павелецкая,бар,Ананьева; Эвелина
432,433,1,20,девочка,9.4,1,0,SC/AH 3085,1.0,Павелецкая,бар,Бурова; Диана
433,434,0,30,мальчик,3.8,0,0,STON/O 2. 3101274,0.3,Павелецкая,бар,Шапошников; Дмитрий
434,435,0,10,мальчик,11.2,1,0,13507,2.1,Лубянка,бар,Дружинин; Артём
435,436,1,10,девочка,3.1,1,2,113760,4.5,Лермонтовский проспект,бар,Панина; Ирина
436,437,0,30,девочка,4.7,2,2,W./C. 6608,1.3,Павелецкая,бар,Федотова; Ульяна
437,438,1,20,девочка,5.3,2,3,29106,0.7,Павелецкая,бар,Шувалова; Камилла
438,439,0,10,мальчик,14.4,1,4,19950,9.8,Алма-Атинская,бар,Соловьев; Максим
439,440,0,20,мальчик,6.9,0,0,C.A. 18723,0.4,Павелецкая,бар,Островский; Давид
440,441,1,20,девочка,10.1,1,1,F.C.C. 13529,1.0,Павелецкая,бар,Зиновьева; Надежда
441,442,0,30,мальчик,4.4,0,0,345769,0.4,Павелецкая,бар,Шевелев; Степан
442,443,0,30,мальчик,5.6,1,0,347076,0.3,Павелецкая,бар,Долгов; Юрий
443,444,1,20,девочка,6.2,0,0,230434,0.5,Павелецкая,бар,Суслова; Наталья
444,445,1,30,мальчик,,0,0,65306,0.3,Павелецкая,бар,Шевцов; Марат
445,446,1,10,мальчик,0.8,0,2,33638,3.0,Люблино,бар,Пастухов; Марат
446,447,1,20,девочка,2.8,0,1,250644,0.7,Павелецкая,бар,Суворова; Марина
447,448,1,10,мальчик,7.6,0,0,113794,1.0,Павелецкая,бар,Рубцов; Богдан
448,449,1,30,девочка,1.0,2,1,2666,0.7,Павелецкая,начальная школа,Бычкова; Екатерина
449,450,1,10,мальчик,11.7,0,0,113786,1.1,Марксистская,бар,Глебов; Данил
450,451,0,20,мальчик,8.0,1,2,C.A. 34651,1.0,Павелецкая,бар,Герасимов; Захар
451,452,0,30,мальчик,,1,0,65303,0.7,Павелецкая,бар,Ильинский; Олег
452,453,0,10,мальчик,6.7,0,0,113051,1.0,Марьина роща,начальная школа,Успенский; Лев
453,454,1,10,мальчик,11.0,1,0,17453,3.3,Марьино,начальная школа,Дьяков; Владислав
454,455,0,30,мальчик,,0,0,A/5 2817,0.3,Павелецкая,бар,Кочетов; Николай
455,456,1,30,мальчик,6.5,0,0,349240,0.3,Павелецкая,начальная школа,Вишневский; Платон
456,457,0,10,мальчик,14.6,0,0,13509,1.0,Медведково,бар,Высоцкий; Юрий
457,458,1,10,девочка,,1,0,17464,1.9,Международная,бар,Глухова; Полина
458,459,1,20,девочка,11.2,0,0,F.C.C. 13531,0.4,Павелецкая,бар,Дубова; Марьяна
459,460,0,30,мальчик,,0,0,371060,0.3,Павелецкая,подворотня,Бессонов; Сергей
460,461,1,10,мальчик,10.8,0,0,19952,1.0,Менделеевская,бар,Ситников; Макар
461,462,0,30,мальчик,7.6,0,0,364506,0.3,Павелецкая,бар,Астафьев; Денис
462,463,0,10,мальчик,10.5,0,0,111320,1.4,Митино,бар,Мешков; Петр
463,464,0,20,мальчик,10.8,0,0,234360,0.5,Павелецкая,бар,Шаров; Савва
464,465,0,30,мальчик,,0,0,A/S 2816,0.3,Павелецкая,бар,Яшин; Захар
465,466,0,30,мальчик,8.5,0,0,SOTON/O.Q. 3101306,0.3,Павелецкая,бар,Козловский; Андрей
466,467,0,20,мальчик,,0,0,239853,0.0,Павелецкая,бар,Туманов; Борис
467,468,0,10,мальчик,12.6,0,0,113792,1.0,Павелецкая,бар,Басов; Олег
468,469,0,30,мальчик,,0,0,36209,0.3,Павелецкая,подворотня,Корчагин; Дмитрий
469,470,1,30,девочка,0.1,2,1,2666,0.7,Павелецкая,начальная школа,Бычкова; Арина
470,471,0,30,мальчик,,0,0,323592,0.3,Павелецкая,бар,Болдырев; Марк
471,472,0,30,мальчик,8.5,0,0,315089,0.3,Павелецкая,бар,Олейников; Герман
472,473,1,20,девочка,7.4,1,2,C.A. 34651,1.0,Павелецкая,бар,Герасимова; Самира
473,474,1,20,девочка,5.1,0,0,SC/AH Basle 541,0.5,Киевская,начальная школа,Чумакова; Полина
474,475,0,30,девочка,4.9,0,0,7553,0.4,Павелецкая,бар,Фомичева; Елизавета
475,476,0,10,мальчик,,0,0,110465,1.9,Молодежная,бар,Губанов; Евгений
476,477,0,20,мальчик,7.6,1,0,31027,0.8,Павелецкая,бар,Дубинин; Кирилл
477,478,0,30,мальчик,6.5,1,0,3460,0.3,Павелецкая,бар,Иванов; Богдан
478,479,0,30,мальчик,4.9,0,0,350060,0.3,Павелецкая,бар,Шульгин; Анатолий
479,480,1,30,девочка,0.4,0,1,3101298,0.5,Павелецкая,бар,Касаткина; Марина
480,481,0,30,мальчик,1.9,5,2,CA 2144,1.7,Павелецкая,бар,Богданов; Степан
481,482,0,20,мальчик,,0,0,239854,0.0,Павелецкая,бар,Пирогов; Михаил
482,483,0,30,мальчик,11.2,0,0,A/5 3594,0.3,Павелецкая,бар,Семин; Артур
483,484,1,30,девочка,14.2,0,0,4134,0.4,Павелецкая,бар,Трошина; Ирина
484,485,1,10,мальчик,5.6,1,0,11967,3.4,Киевская,начальная школа,Никольский; Александр
485,486,0,30,девочка,,3,1,4133,0.9,Павелецкая,бар,Плотникова; Полина
486,487,1,10,девочка,7.8,1,0,19943,3.3,Добрынинская,бар,Самойлова; Агата
487,488,0,10,мальчик,13.0,0,0,11771,1.1,Мякинино,начальная школа,Горохов; Артемий
488,489,0,30,мальчик,6.7,0,0,A.5. 18509,0.3,Павелецкая,бар,Стариков; Евгений
489,490,1,30,мальчик,1.9,1,1,C.A. 37671,0.6,Павелецкая,бар,Рыжов; Артемий
490,491,0,30,мальчик,,1,0,65304,0.7,Павелецкая,бар,Ильинский; Ярослав
491,492,0,30,мальчик,4.7,0,0,SOTON/OQ 3101317,0.3,Павелецкая,бар,Щеглов; Игорь
492,493,0,10,мальчик,12.3,0,0,113787,1.1,Нагатинская,бар,Фетисов; Петр
493,494,0,10,мальчик,16.0,0,0,PC 17609,1.8,Павелецкая,начальная школа,Колпаков; Андрей
494,495,0,30,мальчик,4.7,0,0,A/4 45380,0.3,Павелецкая,бар,Чесноков; Тихон
495,496,0,30,мальчик,,0,0,2627,0.5,Павелецкая,начальная школа,Зыков; Матвей
496,497,1,10,девочка,12.1,1,0,36947,2.9,Нагорная,начальная школа,Верещагина; Милена
497,498,0,30,мальчик,,0,0,C.A. 6212,0.6,Павелецкая,бар,Минаев; Виктор
498,499,0,10,девочка,5.6,1,2,113781,5.6,Китай-город,бар,Зубкова; Марьяна
499,500,0,30,мальчик,5.3,0,0,350035,0.3,Павелецкая,бар,Руднев; Михаил
500,501,0,30,мальчик,3.8,0,0,315086,0.3,Павелецкая,бар,Логинов; Олег
501,502,0,30,девочка,4.7,0,0,364846,0.3,Павелецкая,подворотня,Троицкая; Виктория
502,503,0,30,девочка,,0,0,330909,0.3,Павелецкая,подворотня,Окулова; Надежда
503,504,0,30,девочка,8.3,0,0,4135,0.4,Павелецкая,бар,Ширяева; Ольга
504,505,1,10,девочка,3.5,0,0,110152,3.2,Нахимовский Проспект,бар,Малинина; Карина
505,506,0,10,мальчик,4.0,1,0,PC 17758,4.0,Комсомольская,начальная школа,Колосов; Родион
506,507,1,20,девочка,7.4,0,2,26360,1.0,Павелецкая,бар,Черепанова; Милана
507,508,1,10,мальчик,,0,0,111427,1.0,Павелецкая,бар,Измайлов; Игорь
508,509,0,30,мальчик,6.2,0,0,C 4001,0.8,Павелецкая,бар,Князев; Алексей
509,510,1,30,мальчик,5.8,0,0,1601,2.1,Павелецкая,бар,Алехин; Григорий
510,511,1,30,мальчик,6.5,0,0,382651,0.3,Павелецкая,подворотня,Зеленин; Александр
511,512,0,30,мальчик,,0,0,SOTON/OQ 3101316,0.3,Павелецкая,бар,Гришин; Матвей
512,513,1,10,мальчик,8.0,0,0,PC 17473,1.0,Новогиреево,бар,Касьянов; Семен
513,514,1,10,девочка,12.1,1,0,PC 17603,2.2,Павелецкая,начальная школа,Пугачева; Анастасия
514,515,0,30,мальчик,5.3,0,0,349209,0.3,Павелецкая,бар,Павловский; Роман
515,516,0,10,мальчик,10.5,0,0,36967,1.3,Новокосино,бар,Чижов; Семен
516,517,1,20,девочка,7.6,0,0,C.A. 34260,0.4,Белорусская,бар,Кондратова; Елизавета
517,518,0,30,мальчик,,0,0,371110,0.9,Павелецкая,подворотня,Воронков; Никита
518,519,1,20,девочка,8.0,1,0,226875,1.0,Павелецкая,бар,Капустина; Ольга
519,520,0,30,мальчик,7.1,0,0,349242,0.3,Павелецкая,бар,Сотников; Артём
520,521,1,10,девочка,6.7,0,0,12749,3.5,Новокузнецкая,бар,Демьянова; Варвара
521,522,0,30,мальчик,4.9,0,0,349252,0.3,Павелецкая,бар,Косарев; Антон
522,523,0,30,мальчик,,0,0,2624,0.3,Павелецкая,начальная школа,Беликов; Олег
523,524,1,10,девочка,9.9,0,1,111361,2.2,Крестьянская застава,начальная школа,Кулакова; Инна
524,525,0,30,мальчик,,0,0,2700,0.3,Павелецкая,начальная школа,Сухарев; Артур
525,526,0,30,мальчик,9.1,0,0,367232,0.3,Павелецкая,подворотня,Белкин; Константин
526,527,1,20,девочка,11.2,0,0,W./C. 14258,0.4,Павелецкая,бар,Беспалова; Камилла
527,528,0,10,мальчик,,0,0,PC 17483,8.2,Новослободская,бар,Кулагин; Вячеслав
528,529,0,30,мальчик,8.7,0,0,3101296,0.3,Павелецкая,бар,Савицкий; Давид
529,530,0,20,мальчик,5.1,2,1,29104,0.4,Павелецкая,бар,Жаров; Виталий
530,531,1,20,девочка,0.4,1,1,26360,1.0,Павелецкая,бар,Черепанова; Наталья
531,532,0,30,мальчик,,0,0,2641,0.3,Павелецкая,начальная школа,Хромов; Сергей
532,533,0,30,мальчик,3.8,1,1,2690,0.3,Павелецкая,начальная школа,Золотов; Владислав
533,534,1,30,девочка,,0,2,2668,0.8,Павелецкая,начальная школа,Громова; Инна
534,535,0,30,девочка,6.7,0,0,315084,0.3,Павелецкая,бар,Олейникова; Анастасия
535,536,1,20,девочка,1.5,0,2,F.C.C. 13529,1.0,Павелецкая,бар,Зиновьева; Амалия
536,537,0,10,мальчик,10.1,0,0,113050,1.0,Новоясеневская,бар,Еремеев; Максим
537,538,1,10,девочка,6.7,0,0,PC 17761,3.9,Павелецкая,начальная школа,Карташова; Кира
538,539,0,30,мальчик,,0,0,364498,0.5,Павелецкая,бар,Астахов; Тимур
539,540,1,10,девочка,4.9,0,2,13568,1.8,Новые Черёмушки,начальная школа,Русанова; Татьяна
540,541,1,10,девочка,8.0,0,2,WE/P 5735,2.6,Октябрьская,бар,Сухова; Кира
541,542,0,30,девочка,1.9,4,2,347082,1.2,Павелецкая,бар,Лебедева; Ярослава
542,543,0,30,девочка,2.4,4,2,347082,1.2,Павелецкая,бар,Лебедева; Виктория
543,544,1,20,мальчик,7.1,1,0,2908,1.0,Павелецкая,бар,Вешняков; Артур
544,545,0,10,мальчик,11.2,1,0,PC 17761,3.9,Октябрьское Поле,начальная школа,Волошин; Егор
545,546,0,10,мальчик,14.4,0,0,693,1.0,Павелецкая,бар,Козин; Руслан
546,547,1,20,девочка,4.2,1,0,2908,1.0,Павелецкая,бар,Вешнякова; Ника
547,548,1,20,мальчик,,0,0,SC/PARIS 2146,0.5,Павелецкая,начальная школа,Худяков; Илья
548,549,0,30,мальчик,7.4,1,1,363291,0.8,Павелецкая,бар,Горшков; Владимир
549,550,1,20,мальчик,1.7,1,1,C.A. 33112,1.4,Павелецкая,бар,Евсеев; Иван
550,551,1,10,мальчик,3.8,0,2,17421,4.1,Орехово,начальная школа,Жилин; Марсель
551,552,0,20,мальчик,6.0,0,0,244358,1.0,Павелецкая,бар,Малахов; Матвей
552,553,0,30,мальчик,,0,0,330979,0.3,Павелецкая,подворотня,Дементьев; Даниил
553,554,1,30,мальчик,4.9,0,0,2620,0.3,Павелецкая,начальная школа,Сизов; Игорь
554,555,1,30,девочка,4.9,0,0,347085,0.3,Павелецкая,бар,Ежова; Альбина
555,556,0,10,мальчик,13.9,0,0,113807,1.0,Павелецкая,бар,Толкачев; Иван
556,557,1,10,девочка,10.8,1,0,11755,1.5,Отрадное,начальная школа,Анохина; Надежда
557,558,0,10,мальчик,,0,0,PC 17757,8.4,Павелецкая,начальная школа,Вдовин; Борис
558,559,1,10,девочка,8.7,1,1,110413,3.0,Жулебино,бар,Кожевникова; Дарина
559,560,1,30,девочка,8.0,1,0,345572,0.6,Павелецкая,бар,Бабушкина; Эльвира
560,561,0,30,мальчик,,0,0,372622,0.3,Павелецкая,подворотня,Усов; Роман
561,562,0,30,мальчик,9.0,0,0,349251,0.3,Павелецкая,бар,Лыков; Ян
562,563,0,20,мальчик,6.2,0,0,218629,0.5,Павелецкая,бар,Горлов; Тимофей
563,564,0,30,мальчик,,0,0,SOTON/OQ 392082,0.3,Павелецкая,бар,Коршунов; Александр
564,565,0,30,девочка,,0,0,SOTON/O.Q. 392087,0.3,Павелецкая,бар,Маркелова; Ольга
565,566,0,30,мальчик,5.3,2,0,A/4 48871,0.9,Павелецкая,бар,Евсеев; Гордей
566,567,0,30,мальчик,4.2,0,0,349205,0.3,Павелецкая,бар,Постников; Виталий
567,568,0,30,девочка,6.5,0,4,349909,0.8,Павелецкая,бар,Михайлова; Ева
568,569,0,30,мальчик,,0,0,2686,0.3,Павелецкая,начальная школа,Черный; Сергей
569,570,1,30,мальчик,7.1,0,0,350417,0.3,Павелецкая,бар,Дорохов; Андрей
570,571,1,20,мальчик,13.9,0,0,S.W./PP 752,0.4,Павелецкая,бар,Матвеев; Давид
571,572,1,10,девочка,11.9,2,0,11769,1.9,Охотный ряд,бар,Свешникова; Мария
572,573,1,10,мальчик,8.0,0,0,PC 17474,1.0,Новогиреево,бар,Киреев; Елисей
573,574,1,30,девочка,,0,0,14312,0.3,Павелецкая,подворотня,Трифонова; Елена
574,575,0,30,мальчик,3.5,0,0,A/4. 20589,0.3,Павелецкая,бар,Гущин; Юрий
575,576,0,30,мальчик,4.2,0,0,358585,0.5,Павелецкая,бар,Калугин; Кирилл
576,577,1,20,девочка,7.6,0,0,243880,0.5,Павелецкая,бар,Блохина; Эвелина
577,578,1,10,девочка,8.7,1,0,13507,2.1,Лубянка,бар,Дружинина; Виктория
578,579,0,30,девочка,,1,0,2689,0.5,Павелецкая,начальная школа,Суркова; Мария
579,580,1,30,мальчик,7.1,0,0,STON/O 2. 3101286,0.3,Павелецкая,бар,Ермаков; Сергей
580,581,1,20,девочка,5.6,1,1,237789,1.1,Павелецкая,бар,Кочергина; Алёна
581,582,1,10,девочка,8.7,1,1,17421,4.1,Авиамоторная,начальная школа,Жилина; Вера
582,583,0,20,мальчик,12.1,0,0,28403,1.0,Павелецкая,бар,Греков; Сергей
583,584,0,10,мальчик,8.0,0,0,13049,1.5,Парк Культуры,начальная школа,Казанцев; Николай
584,585,0,30,мальчик,,0,0,3411,0.3,Павелецкая,начальная школа,Швецов; Денис
585,586,1,10,девочка,4.0,0,2,110413,3.0,Парк Победы,бар,Кожевникова; Валерия
586,587,0,20,мальчик,10.5,0,0,237565,0.6,Павелецкая,бар,Ермилов; Рустам
587,588,1,10,мальчик,13.5,1,1,13567,2.9,Партизанская,начальная школа,Парамонов; Михаил
588,589,0,30,мальчик,4.9,0,0,14973,0.3,Павелецкая,бар,Агапов; Эдуард
589,590,0,30,мальчик,,0,0,A./5. 3235,0.3,Павелецкая,бар,Минин; Максим
590,591,0,30,мальчик,7.8,0,0,STON/O 2. 3101273,0.3,Павелецкая,бар,Корнев; Данила
591,592,1,10,девочка,11.7,1,0,36947,2.9,Нагорная,начальная школа,Черняева; Дарья
592,593,0,30,мальчик,10.5,0,0,A/5 3902,0.3,Павелецкая,бар,Гуров; Одиссей
593,594,0,30,девочка,,0,2,364848,0.3,Павелецкая,подворотня,Мухина; Инна
594,595,0,20,мальчик,8.3,1,0,SC/AH 29037,1.0,Павелецкая,бар,Ермолов; Сергей
595,596,0,30,мальчик,8.0,1,1,345773,0.9,Павелецкая,бар,Ерофеев; Николай
596,597,1,20,девочка,,0,0,248727,1.2,Павелецкая,бар,Сомова; Василиса
597,598,0,30,мальчик,11.0,0,0,LINE,0.0,Павелецкая,бар,Новиков; Сергей
598,599,0,30,мальчик,,0,0,2664,0.3,Павелецкая,начальная школа,Еремин; Артур
599,600,1,10,мальчик,11.0,1,0,PC 17485,2.1,Первомайская,начальная школа,Анохин; Данила
600,601,1,20,девочка,5.3,2,1,243847,1.0,Павелецкая,бар,Никулина; Алия
601,602,0,30,мальчик,,0,0,349214,0.3,Павелецкая,бар,Добрынин; Николай
602,603,0,10,мальчик,,0,0,113796,1.6,Павелецкая,бар,Барсуков; Андрей
603,604,0,30,мальчик,9.9,0,0,364511,0.3,Павелецкая,бар,Глушков; Станислав
604,605,1,10,мальчик,7.8,0,0,111426,1.0,Павелецкая,начальная школа,Чеботарев; Павел
605,606,0,30,мальчик,8.0,1,0,349910,0.6,Павелецкая,бар,Москвин; Юрий
606,607,0,30,мальчик,6.7,0,0,349246,0.3,Павелецкая,бар,Уваров; Егор
607,608,1,10,мальчик,6.0,0,0,113804,1.1,Павелецкая,бар,Безруков; Владислав
608,609,1,20,девочка,4.9,1,2,SC/Paris 2123,1.5,Павелецкая,начальная школа,Максимова; Вероника
609,610,1,10,девочка,9.0,0,0,PC 17582,5.7,Измайловская,бар,Муратова; Екатерина
610,611,0,30,девочка,8.7,1,5,347082,1.2,Павелецкая,бар,Лебедева; Валерия
611,612,0,30,мальчик,,0,0,SOTON/O.Q. 3101305,0.3,Павелецкая,бар,Раков; Иван
612,613,1,30,девочка,,1,0,367230,0.6,Павелецкая,подворотня,Владимирова; Ольга
613,614,0,30,мальчик,,0,0,370377,0.3,Павелецкая,подворотня,Снегирев; Гордей
614,615,0,30,мальчик,7.8,0,0,364512,0.3,Павелецкая,бар,Гладков; Тамерлан
615,616,1,20,девочка,5.3,1,2,220845,2.4,Павелецкая,бар,Злобина; Лиана
616,617,0,30,мальчик,7.6,1,1,347080,0.5,Павелецкая,бар,Озеров; Айдар
617,618,0,30,девочка,5.8,1,0,A/5. 3336,0.6,Павелецкая,бар,Ульянова; Лилия
618,619,1,20,девочка,0.8,2,1,230136,1.4,Волоколамская,бар,Литвинова; Наталия
619,620,0,20,мальчик,5.8,0,0,31028,0.4,Павелецкая,бар,Моргунов; Руслан
620,621,0,30,мальчик,6.0,1,0,2659,0.5,Павелецкая,начальная школа,Поликарпов; Степан
621,622,1,10,мальчик,9.4,1,0,11753,1.9,Перово,бар,Рябинин; Алексей
622,623,1,30,мальчик,4.4,1,1,2653,0.6,Павелецкая,начальная школа,Рогов; Василий
623,624,0,30,мальчик,4.7,0,0,350029,0.3,Павелецкая,бар,Судаков; Олег
624,625,0,30,мальчик,4.7,0,0,54636,0.6,Павелецкая,бар,Кукушкин; Юрий
625,626,0,10,мальчик,13.7,0,0,36963,1.2,Петровско-Разумовская,бар,Калачев; Дмитрий
626,627,0,20,мальчик,12.8,0,0,219533,0.5,Павелецкая,подворотня,Грибов; Константин
627,628,1,10,девочка,4.7,0,0,13502,2.9,Печатники,бар,Елизарова; Амина
628,629,0,30,мальчик,5.8,0,0,349224,0.3,Павелецкая,бар,Абаринов; Михаил
629,630,0,30,мальчик,,0,0,334912,0.3,Павелецкая,подворотня,Томбаев; Глеб
630,631,1,10,мальчик,18.0,0,0,27042,1.1,Пионерская,бар,Роткин; Тимур
631,632,0,30,мальчик,11.4,0,0,347743,0.3,Павелецкая,бар,Светчиков; Анатолий
632,633,1,10,мальчик,7.1,0,0,13214,1.1,Планерная,начальная школа,Поскакужин; Амир
633,634,0,10,мальчик,,0,0,112052,0.0,Павелецкая,бар,Новоганский; Игорь
634,635,0,30,девочка,1.9,3,2,347088,1.0,Павелецкая,бар,Титова; Елена
635,636,1,20,девочка,6.2,0,0,237668,0.5,Павелецкая,бар,Корчатова; Агата
636,637,0,30,мальчик,7.1,0,0,STON/O 2. 3101292,0.3,Павелецкая,бар,Марготин; Арсений
637,638,0,20,мальчик,6.9,1,1,C.A. 31921,1.0,Павелецкая,бар,Авдеев; Одиссей
638,639,0,30,девочка,9.2,0,5,3101295,1.5,Павелецкая,бар,Антонова; Ангелина
639,640,0,30,мальчик,,1,0,376564,0.6,Павелецкая,бар,Ананьев; Петр
640,641,0,30,мальчик,4.4,0,0,350050,0.3,Павелецкая,бар,Емильянов; Валерий
641,642,1,10,девочка,5.3,0,0,PC 17477,2.6,Курская,начальная школа,Аветисова; Владислава
642,643,0,30,девочка,0.4,3,2,347088,1.0,Павелецкая,бар,Титова; Диана
643,644,1,30,мальчик,,0,0,1601,2.1,Павелецкая,бар,Баглиев; Сергей
644,645,1,30,девочка,0.1,2,1,2666,0.7,Павелецкая,начальная школа,Бычкова; Евгения
645,646,1,10,мальчик,10.8,1,0,PC 17572,2.8,Бабушкинская,начальная школа,Жуков; Арсений
646,647,0,30,мальчик,4.2,0,0,349231,0.3,Павелецкая,бар,Араблинский; Всеволод
647,648,1,10,мальчик,12.6,0,0,13213,1.3,Площадь Ильича,начальная школа,Кряченков; Андрей
648,649,0,30,мальчик,,0,0,S.O./P.P. 751,0.3,Павелецкая,бар,Муслов; Егор
649,650,1,30,девочка,5.1,0,0,CA. 2314,0.3,Павелецкая,бар,Чеснокова; Милана
650,651,0,30,мальчик,,0,0,349221,0.3,Павелецкая,бар,Болятинский; Ярослав
651,652,1,20,девочка,4.0,0,1,231919,0.9,Павелецкая,бар,Воронина; Ангелина
652,653,0,30,мальчик,4.7,0,0,8475,0.3,Павелецкая,бар,Филаретов; Николай
653,654,1,30,девочка,,0,0,330919,0.3,Павелецкая,подворотня,Погосова; Алина
654,655,0,30,девочка,4.0,0,0,365226,0.3,Павелецкая,подворотня,Раздумина; Есения
655,656,0,20,мальчик,5.3,2,0,S.O.C. 14879,2.7,Павелецкая,бар,Грачев; Иван
656,657,0,30,мальчик,,0,0,349223,0.3,Павелецкая,бар,Форопанов; Алексей
657,658,0,30,девочка,7.1,1,1,364849,0.6,Павелецкая,подворотня,Мухина; Наташа
658,659,0,20,мальчик,5.1,0,0,29751,0.5,Павелецкая,бар,Тещерский; Вадим
659,660,0,10,мальчик,13.0,0,2,35273,4.2,Площадь Революции,начальная школа,Петухов; Давид
660,661,1,10,мальчик,11.2,2,0,PC 17611,5.0,Павелецкая,бар,Макеев; Святослав
661,662,0,30,мальчик,9.0,0,0,2623,0.3,Павелецкая,начальная школа,Антошечкин; Виктор
662,663,0,10,мальчик,10.5,0,0,5727,0.9,Полежаевская,бар,Тимершанов; Павел
663,664,0,30,мальчик,8.0,0,0,349210,0.3,Павелецкая,бар,Павловский; Сергей
664,665,1,30,мальчик,4.4,1,0,STON/O 2. 3101285,0.3,Павелецкая,бар,Ислямов; Глеб
665,666,0,20,мальчик,7.1,2,0,S.O.C. 14879,2.7,Павелецкая,бар,Грачев; Рамиль
666,667,0,20,мальчик,5.6,0,0,234686,0.5,Павелецкая,бар,Сарыков; Руслан
667,668,0,30,мальчик,,0,0,312993,0.3,Павелецкая,бар,Балинский; Данил
668,669,0,30,мальчик,9.6,0,0,A/5 3536,0.3,Павелецкая,бар,Кольдин; Андрей
669,670,1,10,девочка,,1,0,19996,1.9,Полянка,бар,Чивелева; Тамара
670,671,1,20,девочка,9.0,1,1,29750,1.4,Павелецкая,бар,Корнеева; Зарина
671,672,0,10,мальчик,6.9,1,0,F.C. 12750,1.9,Пражская,бар,Аляждинов; Данила
672,673,0,20,мальчик,15.7,0,0,C.A. 24580,0.4,Павелецкая,бар,Бзырин; Олег
673,674,1,20,мальчик,6.9,0,0,244270,0.5,Павелецкая,бар,Скрипицин; Рустам
674,675,0,20,мальчик,,0,0,239856,0.0,Павелецкая,бар,Лютинский; Михаил
675,676,0,30,мальчик,4.0,0,0,349912,0.3,Павелецкая,бар,Ашивкин; Игорь
676,677,0,30,мальчик,5.4,0,0,342826,0.3,Павелецкая,бар,Немаловский; Максим
677,678,1,30,девочка,4.0,0,0,4138,0.4,Павелецкая,бар,Антрохина; Наталия
678,679,0,30,девочка,9.6,1,6,CA 2144,1.7,Павелецкая,бар,Богданова; Ксения
679,680,1,10,мальчик,8.0,0,1,PC 17755,19.0,Преображенская площадь,начальная школа,Канягин; Данил
680,681,0,30,девочка,,0,0,330935,0.3,Павелецкая,подворотня,Фишева; Елизавета
681,682,1,10,мальчик,6.0,0,0,PC 17572,2.8,Пролетарская,начальная школа,Лисицинский; Виктор
682,683,0,30,мальчик,4.4,0,0,6563,0.3,Павелецкая,бар,Графкин; Марк
683,684,0,30,мальчик,3.1,5,2,CA 2144,1.7,Павелецкая,бар,Богданов; Евгений
684,685,0,20,мальчик,13.5,1,1,29750,1.4,Павелецкая,бар,Корнеев; Игорь
685,686,0,20,мальчик,5.6,1,2,SC/Paris 2123,1.5,Павелецкая,начальная школа,Максимов; Михаил
686,687,0,30,мальчик,3.1,4,1,3101295,1.5,Павелецкая,бар,Антонов; Максим
687,688,0,30,мальчик,4.2,0,0,349228,0.4,Павелецкая,бар,Степичев; Роман
688,689,0,30,мальчик,4.0,0,0,350036,0.3,Павелецкая,бар,Шиновников; Никита
689,690,1,10,девочка,3.3,0,1,24160,7.8,Проспект Вернадского,бар,Шишмакова; Алла
690,691,1,10,мальчик,6.9,1,0,17474,2.1,Проспект Мира,бар,Нифтулин; Константин
691,692,1,30,девочка,0.8,0,1,349256,0.5,Павелецкая,начальная школа,Поплева; Ольга
692,693,1,30,мальчик,,0,0,1601,2.1,Павелецкая,бар,Синегаев; Артём
693,694,0,30,мальчик,5.6,0,0,2672,0.3,Павелецкая,начальная школа,Усагин; Тимур
694,695,0,10,мальчик,13.5,0,0,113800,1.0,Павелецкая,бар,Нардюжев; Одиссей
695,696,0,20,мальчик,11.7,0,0,248731,0.5,Павелецкая,бар,Ермолов; Максим
696,697,0,30,мальчик,9.9,0,0,363592,0.3,Павелецкая,бар,Трифонов; Дамир
697,698,1,30,девочка,,0,0,35852,0.3,Павелецкая,подворотня,Гумирова; Анна
698,699,0,10,мальчик,11.0,1,1,17421,4.1,Авиамоторная,начальная школа,Жилин; Олег
699,700,0,30,мальчик,9.4,0,0,348121,0.3,Профсоюзная,бар,Карандин; Мирон
700,701,1,10,девочка,4.0,1,0,PC 17757,8.4,Пушкинская,начальная школа,Юренкова; Вероника
701,702,1,10,мальчик,7.8,0,0,PC 17475,1.0,Пятницкое шоссе,бар,Стрекулев; Демид
702,703,0,30,девочка,4.0,0,1,2691,0.5,Павелецкая,начальная школа,Парфенова; Полина
703,704,0,30,мальчик,5.6,0,0,36864,0.3,Павелецкая,подворотня,Осликовский; Алексей
704,705,0,30,мальчик,5.8,1,0,350025,0.3,Павелецкая,бар,Судаков; Даниэль
705,706,0,20,мальчик,8.7,0,0,250655,1.0,Павелецкая,бар,Астафьев; Максим
706,707,1,20,девочка,10.1,0,0,223596,0.5,Павелецкая,бар,Трифонова; Варвара
707,708,1,10,мальчик,9.4,0,0,PC 17476,1.0,Пятницкое шоссе,бар,Манаковский; Глеб
708,709,1,10,девочка,4.9,0,0,113781,5.6,Павелецкая,бар,Миличихина; Наталья
709,710,1,30,мальчик,,1,1,2661,0.6,Павелецкая,начальная школа,Миронов; Тимофей
710,711,1,10,девочка,5.3,0,0,PC 17482,1.8,Речной вокзал,начальная школа,Заречина; Инна
711,712,0,10,мальчик,,0,0,113028,1.0,Кропоткинская,бар,Бенцкий; Илья
712,713,1,10,мальчик,10.8,1,0,19996,1.9,Полянка,бар,Чивелев; Владимир
713,714,0,30,мальчик,6.5,0,0,7545,0.4,Павелецкая,бар,Черкасов; Арсен
714,715,0,20,мальчик,11.7,0,0,250647,0.5,Павелецкая,бар,Худушин; Самир
715,716,0,30,мальчик,4.2,0,0,348124,0.3,Беляево,бар,Голубковский; Андрей
716,717,1,10,девочка,8.5,0,0,PC 17757,8.4,Рижская,начальная школа,Ваньтяева; Есения
717,718,1,20,девочка,6.0,0,0,34218,0.4,Братиславская,бар,Пшеннова; Лариса
718,719,0,30,мальчик,,0,0,36568,0.6,Павелецкая,подворотня,Скорлунин; Александр
719,720,0,30,мальчик,7.4,0,0,347062,0.3,Павелецкая,бар,Новиков; Герман
720,721,1,20,девочка,1.3,0,1,248727,1.2,Павелецкая,бар,Жукова; Вера
721,722,0,30,мальчик,3.8,1,0,350048,0.3,Павелецкая,бар,Емильянов; Павел
722,723,0,20,мальчик,7.6,0,0,12233,0.5,Павелецкая,бар,Акулов; Мирослав
723,724,0,20,мальчик,11.2,0,0,250643,0.5,Павелецкая,бар,Мекеницкий; Виталий
724,725,1,10,мальчик,6.0,1,0,113806,2.0,Римская,бар,Черинов; Захар
725,726,0,30,мальчик,4.4,0,0,315094,0.3,Павелецкая,бар,Дегтярев; Анатолий
726,727,1,20,девочка,6.7,3,0,31027,0.8,Павелецкая,бар,Дубинина; Вера
727,728,1,30,девочка,,0,0,36866,0.3,Павелецкая,подворотня,Квасницкая; Мирослава
728,729,0,20,мальчик,5.6,1,0,236853,1.0,Павелецкая,бар,Мышинский; Ильдар
729,730,0,30,девочка,5.6,1,0,STON/O2. 3101271,0.3,Павелецкая,бар,Бусулаева; Елена
730,731,1,10,девочка,6.5,0,0,24160,7.8,Проспект Вернадского,бар,Васильева; Кира
731,732,0,30,мальчик,2.4,0,0,2699,0.7,Павелецкая,начальная школа,Штарков; Тимофей
732,733,0,20,мальчик,,0,0,239855,0.0,Павелецкая,бар,Синаевский; Владислав
733,734,0,20,мальчик,5.1,0,0,28425,0.5,Павелецкая,бар,Песоцкий; Василий
734,735,0,20,мальчик,5.1,0,0,233639,0.5,Павелецкая,бар,Вещинов; Владимир
735,736,0,30,мальчик,6.4,0,0,54636,0.6,Павелецкая,бар,Козлов; Святослав
736,737,0,30,девочка,10.8,1,3,W./C. 6608,1.3,Павелецкая,бар,Федотова; Галина
737,738,1,10,мальчик,7.8,0,0,PC 17755,19.0,Румянцево,начальная школа,Рыченков; Мирон
738,739,0,30,мальчик,,0,0,349201,0.3,Павелецкая,бар,Каратаев; Игорь
739,740,0,30,мальчик,,0,0,349218,0.3,Павелецкая,бар,Миламедов; Денис
740,741,1,10,мальчик,,0,0,16988,1.1,Рязанский проспект,бар,Шмидков; Дамир
741,742,0,10,мальчик,8.0,1,0,19877,2.9,Савеловская,бар,Такшеев; Андрей
742,743,1,10,девочка,4.7,2,2,PC 17608,9.7,Коломенская,начальная школа,Лаптева; Наталия
743,744,0,30,мальчик,5.3,1,0,376566,0.6,Павелецкая,бар,Трепетцов; Виталий
744,745,1,30,мальчик,6.9,0,0,STON/O 2. 3101288,0.3,Павелецкая,бар,Гаджифагомедов; Данила
745,746,0,10,мальчик,15.7,1,1,WE/P 5735,2.6,Октябрьская,бар,Сухов; Степан
746,747,0,30,мальчик,3.5,1,1,C.A. 2673,0.8,Павелецкая,бар,Копылов; Максим
747,748,1,20,девочка,6.7,0,0,250648,0.5,Павелецкая,бар,Дембинская; Вероника
748,749,0,10,мальчик,4.2,1,0,113773,2.0,Саларьево,бар,Зыков-мызин; Алексей
749,750,0,30,мальчик,6.9,0,0,335097,0.3,Павелецкая,подворотня,Бизгаев; Елисей
750,751,1,20,девочка,0.8,1,1,29103,0.9,Павелецкая,бар,Тугланова; Алёна
751,752,1,30,мальчик,1.3,0,1,392096,0.5,Свиблово,бар,Кашнин; Тимофей
752,753,0,30,мальчик,7.4,0,0,345780,0.4,Павелецкая,бар,Кацауров; Анатолий
753,754,0,30,мальчик,5.1,0,0,349204,0.3,Павелецкая,бар,Аркаткин; Александр
754,755,1,20,девочка,10.8,1,2,220845,2.4,Павелецкая,бар,Злобина; Оксана
755,756,1,20,мальчик,0.1,1,1,250649,0.5,Павелецкая,бар,Фирсов; Руслан
756,757,0,30,мальчик,6.2,0,0,350042,0.3,Павелецкая,бар,Клянов; Гордей
757,758,0,20,мальчик,4.0,0,0,29108,0.4,Павелецкая,бар,Ярапов; Вадим
758,759,0,30,мальчик,7.6,0,0,363294,0.3,Павелецкая,бар,Бадиатуллин; Тимур
759,760,1,10,девочка,7.4,0,0,110152,3.2,Домодедовская,бар,Полотнщикова; Инна
760,761,0,30,мальчик,,0,0,358585,0.5,Павелецкая,бар,Таймасов; Елисей
761,762,0,30,мальчик,9.2,0,0,SOTON/O2 3101272,0.3,Павелецкая,бар,Маронов; Эдуард
762,763,1,30,мальчик,4.4,0,0,2663,0.3,Павелецкая,начальная школа,Читалин; Данил
763,764,1,10,девочка,8.0,1,2,113760,4.5,Лермонтовский проспект,бар,Панина; Дарья
764,765,0,30,мальчик,3.5,0,0,347074,0.3,Павелецкая,бар,Ромишевский; Максим
765,766,1,10,девочка,11.4,1,0,13502,2.9,Севастопольская,бар,Туникина; Ангелина
766,767,0,10,мальчик,,0,0,112379,1.5,Павелецкая,начальная школа,Зарубаев; Демид
767,768,0,30,девочка,6.8,0,0,364850,0.3,Павелецкая,подворотня,Кинчикова; Виктория
768,769,0,30,мальчик,,1,0,371110,0.9,Павелецкая,подворотня,Петров; Андрей
769,770,0,30,мальчик,7.1,0,0,8471,0.3,Павелецкая,бар,Концев; Василий
770,771,0,30,мальчик,5.3,0,0,345781,0.4,Павелецкая,бар,Разинькин; Константин
771,772,0,30,мальчик,10.8,0,0,350047,0.3,Павелецкая,бар,Емильянов; Юрий
772,773,0,20,девочка,12.8,0,0,S.O./P.P. 3,0.4,Семеновская,бар,Ветлова; Дарина
773,774,0,30,мальчик,,0,0,2674,0.3,Павелецкая,начальная школа,Золотов; Николай
774,775,1,20,девочка,12.1,1,3,29105,0.9,Павелецкая,бар,Жарова; Ариана
775,776,0,30,мальчик,4.0,0,0,347078,0.3,Павелецкая,бар,Гарлачев; Эмиль
776,777,0,30,мальчик,,0,0,383121,0.3,Серпуховская,подворотня,Вартазаров; Николай
777,778,1,30,девочка,1.0,0,0,364516,0.5,Павелецкая,бар,Акридова; Инна
778,779,0,30,мальчик,,0,0,36865,0.3,Павелецкая,подворотня,Куроков; Дамир
779,780,1,10,девочка,9.6,0,1,24160,7.8,Славянский бульвар,бар,Асарина; Ясмина
780,781,1,30,девочка,2.8,0,0,2687,0.3,Павелецкая,начальная школа,Мухарева; Наталья
781,782,1,10,девочка,3.8,1,0,17474,2.1,Проспект Мира,бар,Нифтулина; Алла
782,783,0,10,мальчик,6.5,0,0,113501,1.1,Смоленская,бар,Микушин; Вячеслав
783,784,0,30,мальчик,,1,2,W./C. 6607,0.9,Павелецкая,бар,Поликухин; Семен
784,785,0,30,мальчик,5.6,0,0,SOTON/O.Q. 3101312,0.3,Павелецкая,бар,Беляков; Захар
785,786,0,30,мальчик,5.6,0,0,374887,0.3,Павелецкая,бар,Жиглинский; Руслан
786,787,1,30,девочка,4.0,0,0,3101265,0.3,Павелецкая,бар,Никушина; Валерия
787,788,0,30,мальчик,1.7,4,1,382652,1.1,Павелецкая,подворотня,Павлов; Вячеслав
788,789,1,30,мальчик,0.1,1,2,C.A. 2315,0.8,Павелецкая,бар,Быков; Дмитрий
789,790,0,10,мальчик,10.3,0,0,PC 17593,2.9,Сокол,начальная школа,Солодин; Леонид
790,791,0,30,мальчик,,0,0,12460,0.3,Павелецкая,подворотня,Круглов; Эдуард
791,792,0,20,мальчик,3.5,0,0,239865,1.0,Павелецкая,бар,Бакумкин; Евгений
792,793,0,30,девочка,,8,2,CA. 2343,2.6,Павелецкая,бар,Воронова; Ксения
793,794,0,10,мальчик,,0,0,PC 17600,1.1,Павелецкая,начальная школа,Самойлов; Максим
794,795,0,30,мальчик,5.6,0,0,349203,0.3,Павелецкая,бар,Браташов; Тимофей
795,796,0,20,мальчик,8.7,0,0,28213,0.5,Павелецкая,бар,Семынский; Егор
796,797,1,10,девочка,11.0,0,0,17465,1.0,Сокольники,бар,Белопухова; Эвелина
797,798,1,30,девочка,6.9,0,0,349244,0.3,Павелецкая,бар,Сисецкая; Нина
798,799,0,30,мальчик,6.7,0,0,2685,0.3,Павелецкая,начальная школа,Сошин; Егор
799,800,0,30,девочка,6.7,1,1,345773,0.9,Павелецкая,бар,Ерофеева; Наталия
800,801,0,20,мальчик,7.6,0,0,250647,0.5,Павелецкая,бар,Ждахин; Николай
801,802,1,20,девочка,6.9,1,1,C.A. 31921,1.0,Павелецкая,бар,Авдеева; Олеся
802,803,1,10,мальчик,2.4,1,2,113760,4.5,Лермонтовский проспект,бар,Панин; Эдуард
803,804,1,30,мальчик,0.0,0,1,2625,0.3,Павелецкая,начальная школа,Нечецкий; Роман
804,805,1,30,мальчик,6.0,0,0,347089,0.3,Павелецкая,бар,Голубев-ильин; Матвей
805,806,0,30,мальчик,6.9,0,0,347063,0.3,Павелецкая,бар,Кудрявцев; Дамир
806,807,0,10,мальчик,8.7,0,0,112050,0.0,Спартак,бар,Любимов; Савва
807,808,0,30,девочка,4.0,0,0,347087,0.3,Павелецкая,бар,Флягина; Вероника
808,809,0,20,мальчик,8.7,0,0,248723,0.5,Павелецкая,бар,Кузьмин; Василий
809,810,1,10,девочка,7.4,1,0,113806,2.0,Римская,бар,Черинова; Кира
810,811,0,30,мальчик,5.8,0,0,3474,0.3,Павелецкая,бар,Остряков; Глеб
811,812,0,30,мальчик,8.7,0,0,A/4 48871,0.9,Павелецкая,бар,Шляхмин; Демид
812,813,0,20,мальчик,7.8,0,0,28206,0.4,Павелецкая,бар,Гавшин; Олег
813,814,0,30,девочка,1.3,4,2,347082,1.2,Павелецкая,бар,Лебедева; Агата
814,815,0,30,мальчик,6.8,0,0,364499,0.3,Павелецкая,бар,Адрашитов; Рамиль
815,816,0,10,мальчик,,0,0,112058,0.0,Спортивная,бар,Неганов; Тимур
816,817,0,30,девочка,5.1,0,0,STON/O2. 3101290,0.3,Павелецкая,бар,Хенулова; Мадина
817,818,0,20,мальчик,6.9,1,1,S.C./PARIS 2079,1.4,Павелецкая,начальная школа,Никислин; Максим
818,819,0,30,мальчик,9.6,0,0,C 7075,0.2,Павелецкая,бар,Бейсембетов; Тимофей
819,820,0,30,мальчик,2.2,3,2,347088,1.0,Павелецкая,бар,Титов; Григорий
820,821,1,10,девочка,11.7,1,1,12749,3.5,Сретенский бульвар,бар,Шмелева; Светлана
821,822,1,30,мальчик,6.0,0,0,315098,0.3,Павелецкая,бар,Привалов; Олег
822,823,0,10,мальчик,8.5,0,0,19972,0.0,Павелецкая,бар,Обивалин; Демид
823,824,1,30,девочка,6.0,0,1,392096,0.5,Свиблово,бар,Кашнина; Ангелина
824,825,0,30,мальчик,0.4,4,1,3101295,1.5,Павелецкая,бар,Антонов; Савелий
825,826,0,30,мальчик,,0,0,368323,0.3,Павелецкая,подворотня,Киреев; Иван
826,827,0,30,мальчик,,0,0,1601,2.1,Павелецкая,бар,Синегаев; Артемий
827,828,1,20,мальчик,0.1,0,2,S.C./PARIS 2079,1.4,Павелецкая,начальная школа,Никислин; Никита
828,829,1,30,мальчик,,0,0,367228,0.3,Павелецкая,подворотня,Боздняков; Гордей
829,830,1,10,девочка,13.9,0,0,113572,3.0,Бауманская,,Срубщикова; Екатерина
830,831,1,30,девочка,3.3,1,0,2659,0.5,Павелецкая,начальная школа,Поликарпова; Олеся
831,832,1,20,мальчик,0.1,1,1,29106,0.7,Павелецкая,бар,Шувалов; Евгений
832,833,0,30,мальчик,,0,0,2671,0.3,Павелецкая,начальная школа,Усагин; Макар
833,834,0,30,мальчик,5.1,0,0,347468,0.3,Павелецкая,бар,Помадков; Сергей
834,835,0,30,мальчик,4.0,0,0,2223,0.3,Павелецкая,бар,Аниенков; Кирилл
835,836,1,10,девочка,8.7,1,1,PC 17756,3.1,Строгино,начальная школа,Шуйкина; Людмила
836,837,0,30,мальчик,4.7,0,0,315097,0.3,Павелецкая,бар,Романовский; Илья
837,838,0,30,мальчик,,0,0,392092,0.3,Павелецкая,бар,Милакин; Мирослав
838,839,1,30,мальчик,7.1,0,0,1601,2.1,Павелецкая,бар,Парнышков; Георгий
839,840,1,10,мальчик,,0,0,11774,1.1,Студенческая,начальная школа,Клепнев-арсентьев; Владислав
840,841,0,30,мальчик,4.4,0,0,SOTON/O2 3101287,0.3,Павелецкая,бар,Мадякин; Федор
841,842,0,20,мальчик,3.5,0,0,S.O./P.P. 3,0.4,Павелецкая,бар,Мурюшин; Алексей
842,843,1,10,девочка,6.7,0,0,113798,1.1,Павелецкая,начальная школа,Оловянникова; Ева
843,844,0,30,мальчик,7.7,0,0,2683,0.2,Павелецкая,начальная школа,Кочеганов; Егор
844,845,0,30,мальчик,3.8,0,0,315090,0.3,Павелецкая,бар,Бурдуков; Данила
845,846,0,30,мальчик,9.4,0,0,C.A. 5547,0.3,Павелецкая,бар,Серепскин; Роберт
846,847,0,30,мальчик,,8,2,CA. 2343,2.6,Павелецкая,бар,Воронов; Одиссей
847,848,0,30,мальчик,7.8,0,0,349213,0.3,Павелецкая,начальная школа,Урляпов; Игнат
848,849,0,20,мальчик,6.2,0,1,248727,1.2,Павелецкая,бар,Жуков; Адель
849,850,1,10,девочка,,1,0,17453,3.3,Марьино,начальная школа,Дьякова; Дарья
850,851,0,30,мальчик,0.8,4,2,347082,1.2,Павелецкая,бар,Лебедев; Роман
851,852,0,30,мальчик,16.6,0,0,347060,0.3,Павелецкая,бар,Руднев; Тимур
852,853,0,30,девочка,1.9,1,1,2678,0.6,Павелецкая,начальная школа,Еремина; Кира
853,854,1,10,девочка,3.5,0,1,PC 17592,1.5,Сухаревская,бар,Бурянина; Евгения
854,855,0,20,девочка,9.9,1,0,244252,1.0,Павелецкая,бар,Панина; Мелания
855,856,1,30,девочка,4.0,0,1,392091,0.3,Павелецкая,бар,Войтикова; Екатерина
856,857,1,10,девочка,10.1,1,1,36928,6.1,Павелецкая,бар,Столярова; Ангелина
857,858,1,10,мальчик,11.4,0,0,113055,1.0,Сходненская,бар,Зеленин; Айдар
858,859,1,30,девочка,5.3,0,3,2666,0.7,Павелецкая,начальная школа,Бычкова; Наталия
859,860,0,30,мальчик,,0,0,2629,0.3,Павелецкая,начальная школа,Репикин; Данила
860,861,0,30,мальчик,9.2,2,0,350026,0.5,Павелецкая,бар,Судаков; Мирон
861,862,0,20,мальчик,4.7,1,0,28134,0.4,Павелецкая,бар,Уланчев; Платон
862,863,1,10,девочка,10.8,0,0,17466,1.0,Сокольники,бар,Аферьева; Нина
863,864,0,30,девочка,,8,2,CA. 2343,2.6,Павелецкая,бар,Воронова; Мария
864,865,0,20,мальчик,5.3,0,0,233866,0.5,Павелецкая,бар,Алалыкин; Альберт
865,866,1,20,девочка,9.4,0,0,236852,0.5,Павелецкая,бар,Башковская; Татьяна
866,867,1,20,девочка,6.0,1,0,SC/PARIS 2149,0.5,Павелецкая,начальная школа,Атнабаева; Мария
867,868,0,10,мальчик,6.9,0,0,PC 17590,1.9,Таганская,бар,Кумичев; Денис
868,869,0,30,мальчик,,0,0,345777,0.4,Павелецкая,бар,Селихов; Герман
869,870,1,30,мальчик,0.8,1,1,347742,0.4,Павелецкая,бар,Новиков; Савелий
870,871,0,30,мальчик,5.8,0,0,349248,0.3,Павелецкая,бар,Дармодекин; Андрей
871,872,1,10,девочка,10.5,1,1,11751,1.9,Дубровка,бар,Андрианова; Александра
872,873,0,10,мальчик,7.4,0,0,695,0.2,Преображенская площадь,бар,Клянов; Амир
873,874,0,30,мальчик,10.5,0,0,345765,0.3,Павелецкая,бар,Потрошков; Марат
874,875,1,20,девочка,6.2,1,0,P/PP 3381,0.9,Павелецкая,начальная школа,Рожкова; Евгения
875,876,1,30,девочка,3.3,0,0,2667,0.3,Павелецкая,начальная школа,Чеванина; Елена
876,877,0,30,мальчик,4.4,0,0,7534,0.4,Павелецкая,бар,Прохоров; Юрий
877,878,0,30,мальчик,4.2,0,0,349212,0.3,Павелецкая,бар,Пономарев; Роман
878,879,0,30,мальчик,,0,0,349217,0.3,Павелецкая,бар,Укладников; Евгений
879,880,1,10,девочка,12.6,0,1,11767,3.1,Текстильщики,начальная школа,Ендрусина; Наталия
880,881,1,20,девочка,5.6,0,1,230433,1.0,Павелецкая,бар,Шекаева; Юлия
881,882,0,30,мальчик,7.4,0,0,349257,0.3,Павелецкая,бар,Скучалин; Марк
882,883,0,30,девочка,4.9,0,0,7552,0.4,Павелецкая,бар,Закомолдина; Маргарита
883,884,0,20,мальчик,6.2,0,0,C.A./SOTON 34068,0.4,Павелецкая,бар,Манасыпов; Алексей
884,885,0,30,мальчик,5.6,0,0,SOTON/OQ 392076,0.3,Павелецкая,бар,Джагаев; Владислав
885,886,0,30,девочка,8.7,0,5,382652,1.1,Павелецкая,подворотня,Павлова; Ирина
886,887,0,20,мальчик,6.0,0,0,211536,0.5,Павелецкая,бар,Лукаев; Илья
887,888,1,10,девочка,4.2,0,0,112053,1.1,Теплый стан,бар,Филимонова; Полина
888,889,0,30,девочка,,1,2,W./C. 6607,0.9,Павелецкая,бар,Поликухина; Алина
889,890,1,10,мальчик,5.8,0,0,111369,1.1,Тверская,начальная школа,Гуркалов; Денис
890,891,0,30,мальчик,7.1,0,0,370376,0.3,Павелецкая,подворотня,Панфенов; Роман
